person_id,created_date,engagement_score,qualified_date,accepted_date,first_touch_source
P0001,2026-04-29,11,,,webinar
P0002,2026-07-03,58,2026-07-05,2026-07-09,meta_paid
P0003,2026-07-01,8,,,google / organic
P0004,2026-06-05,13,,,facebook/paid
P0005,2026-06-25,16,,,bing/cpc
P0006,2026-04-28,68,2026-04-30,,eml
P0007,2026-05-02,51,,,google / organic
P0008,2026-05-15,5,,,referral
P0009,2026-05-17,35,,,linkedin/paid
P0010,2026-06-20,84,2026-06-21,,meta_paid
P0011,2026-06-22,2,,,direct
P0012,2026-06-28,50,2026-07-01,,webinar
P0013,2026-04-08,36,,,email
P0014,2026-05-18,5,,,direct
P0015,2026-04-18,53,,,google / organic
P0016,2026-04-24,97,2026-04-25,2026-05-02,fb-ads
P0017,2026-06-11,47,2026-06-13,2026-06-19,webinar
P0018,2026-06-13,98,2026-06-17,2026-06-20,google / organic
P0019,2026-04-25,72,2026-04-27,2026-04-29,promo_x
P0020,2026-04-15,79,2026-04-18,2026-04-20,email
P0021,2026-05-21,81,2026-05-23,2026-05-30,referral
P0022,2026-04-29,70,2026-04-30,2026-05-05,n/a
P0023,2026-04-08,92,2026-04-11,2026-04-16,google / organic
P0024,2026-06-14,72,2026-06-16,2026-06-18,google/cpc
P0025,2026-05-16,82,2026-05-20,2026-05-26,webinar
P0026,2026-06-04,55,2026-06-07,,newchannel_q3
P0027,2026-05-05,28,,,google_cpc
P0028,2026-06-27,92,2026-07-01,2026-07-06,webinar
P0029,2026-06-21,11,,,referral
P0030,2026-04-26,65,2026-04-29,2026-05-02,g/cpc
P0031,2026-06-20,83,2026-06-21,2026-06-24,facebook/paid
P0032,2026-06-11,41,,,webinar
P0033,2026-04-14,19,,,paid_social_li
P0034,2026-04-22,90,2026-04-24,2026-04-27,google/cpc
P0035,2026-05-04,70,2026-05-05,2026-05-11,li_paid
P0036,2026-06-11,58,2026-06-12,2026-06-17,webinar
P0037,2026-04-20,54,,,bing/cpc
P0038,2026-04-23,79,2026-04-27,,linkedin-sponsored
P0039,2026-07-03,74,2026-07-04,2026-07-08,fb/cpc
P0040,2026-04-09,67,2026-04-13,2026-04-18,linkedin-sponsored
P0041,2026-04-17,59,,,google/cpc
P0042,2026-05-24,20,,,webinar
P0043,2026-06-02,0,,,facebook/paid
P0044,2026-06-04,3,,,LinkedIn Paid
P0045,2026-04-27,30,,,webinar
P0046,2026-06-01,50,2026-06-04,2026-06-11,facebook/paid
P0047,2026-04-24,23,,,n/a
P0048,2026-05-01,45,,,facebook/paid
P0049,2026-04-14,28,,,email
P0050,2026-05-07,10,,,google/cpc
P0051,2026-05-02,67,2026-05-06,2026-05-13,promo_x
P0052,2026-05-18,72,2026-05-19,,google/cpc
P0053,2026-05-13,36,,,linkedin/paid
P0054,2026-05-10,100,2026-05-13,2026-05-20,email
P0055,2026-04-30,5,,,LinkedIn Paid
P0056,2026-06-19,83,2026-06-22,2026-06-29,webinar
P0057,2026-06-21,42,,,promo_x
P0058,2026-07-03,66,2026-07-07,2026-07-09,google / organic
P0059,2026-06-02,85,2026-06-03,2026-06-07,facebook/paid
P0060,2026-05-27,60,2026-05-29,2026-05-31,facebook/paid
P0061,2026-05-22,20,,,linkedin/paid
P0062,2026-06-01,60,2026-06-02,2026-06-09,email
P0063,2026-04-17,82,2026-04-18,2026-04-21,referral
P0064,2026-05-14,75,2026-05-17,,direct
P0065,2026-06-17,65,2026-06-21,,webinar
P0066,2026-04-25,79,2026-04-27,2026-05-01,social
P0067,2026-05-13,98,2026-05-16,2026-05-22,paid_social_li
P0068,2026-06-26,95,2026-06-29,,
P0069,2026-06-24,14,,,email-nurture
P0070,2026-06-01,43,,,facebook/paid
P0071,2026-04-19,34,,,email
P0072,2026-04-22,37,,,google / organic
P0073,2026-05-04,45,,,google / organic
P0074,2026-04-26,14,,,direct
P0075,2026-04-13,75,2026-04-15,2026-04-18,null
P0076,2026-07-03,4,,,newchannel_q3
P0077,2026-06-28,68,2026-07-01,2026-07-04,linkedin/paid
P0078,2026-06-01,93,2026-06-04,2026-06-09,facebook/paid
P0079,2026-04-27,72,2026-04-28,,g/cpc
P0080,2026-06-20,24,,,referral
P0081,2026-07-04,11,,,google/cpc
P0082,2026-06-18,39,,,email
P0083,2026-04-12,45,,,webinar
P0084,2026-06-16,2,,,google/cpc
P0085,2026-06-26,82,2026-06-27,,facebook/paid
P0086,2026-04-15,5,,,li_organic
P0087,2026-04-17,12,,,email
P0088,2026-04-25,72,2026-04-27,2026-04-29,referral
P0089,2026-06-04,32,,,linkedin/paid
P0090,2026-05-10,59,,,facebook/paid
P0091,2026-04-26,57,,,referral
P0092,2026-04-15,35,,,n/a
P0093,2026-06-11,0,,,google/cpc
P0094,2026-04-15,75,2026-04-17,2026-04-20,facebook/paid
P0095,2026-06-17,40,,,g/cpc
P0096,2026-04-19,54,,,direct
P0097,2026-07-03,75,2026-07-05,2026-07-07,email
P0098,2026-06-16,35,,,email
P0099,2026-06-14,20,,,linkedin-sponsored
P0100,2026-07-03,33,,,referral
P0101,2026-05-22,88,2026-05-25,2026-05-27,fb/cpc
P0102,2026-04-30,78,2026-05-02,2026-05-08,direct
P0103,2026-04-06,46,,,adwords
P0104,2026-04-07,61,,,bing/cpc
P0105,2026-06-12,65,2026-06-16,2026-06-19,linkedin/paid
P0106,2026-06-25,30,,,google / organic
P0107,2026-06-04,84,2026-06-06,2026-06-08,email
P0108,2026-05-28,12,,,facebook/paid
P0109,2026-04-20,88,2026-04-23,2026-04-26,meta_paid
P0110,2026-05-06,10,,,n/a
P0111,2026-04-29,53,,,bing/cpc
P0112,2026-06-22,72,2026-06-24,,fb/cpc
P0113,2026-05-17,23,,,google/cpc
P0114,2026-05-18,72,2026-05-20,2026-05-22,direct
P0115,2026-04-15,12,,,direct
P0116,2026-04-15,33,,,webinar
P0117,2026-05-31,48,2026-06-01,,li
P0118,2026-05-04,40,,,fb/cpc
P0119,2026-05-11,46,,,facebook/paid
P0120,2026-06-03,5,,,google / organic
P0121,2026-06-24,8,,,null
P0122,2026-05-23,75,2026-05-26,2026-06-02,fb-ads
P0123,2026-04-22,15,,,bing/cpc
P0124,2026-04-30,78,2026-05-04,2026-05-10,google_cpc
P0125,2026-06-20,99,2026-06-24,2026-06-28,bing/cpc
P0126,2026-05-31,79,2026-06-04,2026-06-07,webinar
P0127,2026-05-07,55,,,bing/cpc
P0128,2026-05-29,99,2026-05-30,2026-06-01,bing/cpc
P0129,2026-05-09,76,2026-05-12,2026-05-18,paid_social_li
P0130,2026-05-12,5,,,meta_paid
P0131,2026-04-12,55,,,google/cpc
P0132,2026-04-08,92,2026-04-10,2026-04-13,bing/cpc
P0133,2026-07-02,95,2026-07-04,2026-07-06,li
P0134,2026-05-02,23,,,google / organic
P0135,2026-04-20,74,2026-04-21,2026-04-28,fb-ads
P0136,2026-05-19,30,,,referral
P0137,2026-04-13,51,,,direct
P0138,2026-04-25,79,2026-04-27,2026-05-03,linkedin/paid
P0139,2026-07-01,44,2026-07-05,,facebook/paid
P0140,2026-05-27,40,,,adwords
P0141,2026-07-05,9,,,google/cpc
P0142,2026-04-26,87,2026-04-29,,webinar
P0143,2026-06-20,77,2026-06-23,2026-06-29,email
P0144,2026-04-12,70,2026-04-16,2026-04-21,facebook/paid
P0145,2026-05-09,17,,,google/cpc
P0146,2026-04-28,65,2026-05-02,2026-05-07,direct
P0147,2026-05-10,11,,,facebook/paid
P0148,2026-06-30,15,,,li
P0149,2026-05-13,66,2026-05-16,,facebook/paid
P0150,2026-04-28,73,2026-04-30,2026-05-04,bing/cpc
P0151,2026-05-13,40,,,facebook/paid
P0152,2026-05-05,79,2026-05-06,2026-05-10,direct
P0153,2026-04-06,81,2026-04-09,2026-04-12,webinar
P0154,2026-06-20,88,2026-06-22,2026-06-26,fb-ads
P0155,2026-06-27,86,2026-06-28,2026-06-30,linkedin/paid
P0156,2026-04-19,7,,,referral
P0157,2026-06-19,91,2026-06-20,2026-06-26,bing/cpc
P0158,2026-05-28,79,2026-05-29,2026-06-03,linkedin/paid
P0159,2026-06-05,57,2026-06-09,2026-06-15,webinar
P0160,2026-06-14,28,,,partner_acme
P0161,2026-05-03,16,,,google / organic
P0162,2026-05-14,86,2026-05-16,,google / organic
P0163,2026-05-12,67,2026-05-16,2026-05-23,referral
P0164,2026-06-21,5,,,organic-linkedin
P0165,2026-05-17,63,2026-05-20,2026-05-27,bing/cpc
P0166,2026-05-06,24,,,
P0167,2026-06-12,91,2026-06-14,2026-06-19,li
P0168,2026-06-03,22,,,email
P0169,2026-04-18,93,2026-04-22,2026-04-27,google / organic
P0170,2026-05-23,43,,,fb/cpc
P0171,2026-06-02,42,,,linkedin-sponsored
P0172,2026-04-28,94,2026-04-30,,fb-ads
P0173,2026-05-12,46,,,google/cpc
P0174,2026-07-03,62,2026-07-06,2026-07-12,facebook/paid
P0175,2026-06-19,44,2026-06-23,2026-06-29,email
P0176,2026-06-25,83,2026-06-29,2026-07-04,google/cpc
P0177,2026-05-06,58,,,google / organic
P0178,2026-07-01,17,,,bing/cpc
P0179,2026-06-01,61,2026-06-05,2026-06-10,email
P0180,2026-05-20,68,2026-05-24,2026-05-31,
P0181,2026-05-18,15,,,google / organic
P0182,2026-05-24,34,,,bing/cpc
P0183,2026-06-16,62,2026-06-19,2026-06-26,referral
P0184,2026-05-16,20,,,linkedin/paid
P0185,2026-05-27,77,2026-05-30,2026-06-04,linkedin/paid
P0186,2026-05-13,89,2026-05-16,2026-05-20,email
P0187,2026-05-14,81,2026-05-15,,bing/cpc
P0188,2026-06-26,33,,,partner_acme
P0189,2026-06-04,55,2026-06-05,2026-06-08,social
P0190,2026-04-17,94,2026-04-20,2026-04-22,newchannel_q3
P0191,2026-05-23,30,,,email
P0192,2026-06-13,76,2026-06-15,2026-06-22,linkedin/paid
P0193,2026-06-20,45,2026-06-24,2026-06-30,direct
P0194,2026-06-06,69,2026-06-07,2026-06-13,bing/cpc
P0195,2026-06-24,42,,,bing/cpc
P0196,2026-05-02,75,2026-05-03,,
P0197,2026-06-03,62,2026-06-06,2026-06-13,paid_social_li
P0198,2026-05-02,34,,,email
P0199,2026-06-12,77,2026-06-15,,email
P0200,2026-07-05,68,2026-07-09,2026-07-14,google / organic
P0201,2026-06-19,8,,,null
P0202,2026-04-13,61,,,webinar
P0203,2026-05-27,87,2026-05-30,,fb/cpc
P0204,2026-04-25,93,2026-04-27,,google / organic
P0205,2026-04-22,69,2026-04-25,2026-05-02,email
P0206,2026-04-16,52,,,google/cpc
P0207,2026-06-06,51,2026-06-10,,bing/cpc
P0208,2026-06-04,66,2026-06-06,2026-06-10,eml
P0209,2026-06-11,99,2026-06-14,2026-06-18,facebook/paid
P0210,2026-05-13,100,2026-05-17,,webinar
P0211,2026-05-09,99,2026-05-11,,google/cpc
P0212,2026-05-15,96,2026-05-16,,bing/cpc
P0213,2026-06-05,34,,,bing/cpc
P0214,2026-07-05,43,,,google/cpc
P0215,2026-07-01,49,2026-07-03,2026-07-08,email
P0216,2026-07-01,57,2026-07-03,2026-07-08,google_cpc
P0217,2026-04-16,22,,,linkedin/paid
P0218,2026-04-15,33,,,bing/cpc
P0219,2026-06-24,85,2026-06-28,2026-07-02,bing/cpc
P0220,2026-05-10,68,2026-05-11,2026-05-16,direct
P0221,2026-04-26,55,,,direct
P0222,2026-06-23,83,2026-06-24,,referral
P0223,2026-05-23,64,2026-05-25,2026-05-28,direct
P0224,2026-05-18,47,2026-05-19,2026-05-22,facebook/paid
P0225,2026-06-23,95,2026-06-24,2026-07-01,email
P0226,2026-06-05,0,,,bing/cpc
P0227,2026-06-24,37,,,null
P0228,2026-06-20,54,2026-06-24,2026-06-29,li_organic
P0229,2026-06-20,52,2026-06-23,2026-06-27,linkedin/paid
P0230,2026-06-07,42,,,fb/cpc
P0231,2026-05-07,59,,,email
P0232,2026-05-07,39,,,linkedin/paid
P0233,2026-05-08,60,,,direct
P0234,2026-05-16,88,2026-05-17,,fb-ads
P0235,2026-04-18,21,,,referral
P0236,2026-05-14,50,,,facebook/paid
P0237,2026-06-18,71,2026-06-21,2026-06-27,li_organic
P0238,2026-06-08,75,2026-06-12,2026-06-19,bing/cpc
P0239,2026-05-23,66,2026-05-27,2026-05-29,direct
P0240,2026-06-27,4,,,linkedin/paid
P0241,2026-06-12,16,,,google/cpc
P0242,2026-05-22,45,2026-05-26,,webinar
P0243,2026-06-20,98,2026-06-23,,direct
P0244,2026-05-10,14,,,organic-linkedin
P0245,2026-06-21,93,2026-06-25,2026-06-27,eml
P0246,2026-05-15,61,,,google_cpc
P0247,2026-04-29,69,2026-05-02,2026-05-05,webinar
P0248,2026-05-23,40,,,google/cpc
P0249,2026-06-05,69,2026-06-09,2026-06-13,fb-ads
P0250,2026-05-08,61,,,referral
P0251,2026-05-08,34,,,fb/cpc
P0252,2026-04-23,100,2026-04-26,,google/cpc
P0253,2026-04-28,76,2026-04-29,2026-05-01,bing/cpc
P0254,2026-05-01,26,,,email
P0255,2026-05-21,97,2026-05-22,2026-05-25,adwords
P0256,2026-06-10,57,2026-06-12,2026-06-16,linkedin/paid
P0257,2026-05-09,67,2026-05-12,2026-05-18,google/cpc
P0258,2026-06-14,41,,,fb-ads
P0259,2026-04-08,50,,,bing/cpc
P0260,2026-06-29,22,,,webinar
P0261,2026-05-08,15,,,li_paid
P0262,2026-05-23,71,2026-05-25,2026-05-28,referral
P0263,2026-06-04,80,2026-06-06,2026-06-08,organic-linkedin
P0264,2026-04-25,61,,,webinar
P0265,2026-04-13,17,,,newchannel_q3
P0266,2026-07-03,74,2026-07-05,2026-07-12,null
P0267,2026-05-20,56,2026-05-23,2026-05-30,webinar
P0268,2026-05-30,69,2026-05-31,2026-06-02,google_cpc
P0269,2026-06-06,38,,,direct
P0270,2026-07-04,86,2026-07-06,2026-07-13,newchannel_q3
P0271,2026-06-20,12,,,linkedin/paid
P0272,2026-06-11,65,2026-06-15,2026-06-17,adwords
P0273,2026-04-27,100,2026-04-28,2026-05-01,webinar
P0274,2026-06-07,68,2026-06-11,2026-06-14,meta_paid
P0275,2026-05-25,42,,,facebook/paid
P0276,2026-05-14,78,2026-05-17,2026-05-24,google/cpc
P0277,2026-05-25,56,2026-05-28,2026-05-30,
P0278,2026-06-14,42,,,n/a
P0279,2026-04-19,19,,,bing/cpc
P0280,2026-05-27,10,,,facebook/paid
P0281,2026-06-28,79,2026-06-30,,email
P0282,2026-05-16,58,,,referral
P0283,2026-05-04,97,2026-05-06,2026-05-08,organic-linkedin
P0284,2026-06-10,31,,,webinar
P0285,2026-04-27,22,,,google / organic
P0286,2026-06-21,22,,,google/cpc
P0287,2026-04-24,79,2026-04-28,2026-05-04,webinar
P0288,2026-06-12,87,2026-06-14,2026-06-18,facebook/paid
P0289,2026-06-15,27,,,email
P0290,2026-06-01,70,2026-06-04,,partner_acme
P0291,2026-06-11,6,,,google/cpc
P0292,2026-04-25,44,,,n/a
P0293,2026-06-22,75,2026-06-24,2026-06-29,adwords
P0294,2026-06-16,59,2026-06-17,2026-06-20,linkedin/paid
P0295,2026-05-30,16,,,email
P0296,2026-06-21,27,,,email
P0297,2026-04-12,64,2026-04-13,2026-04-15,li_paid
P0298,2026-06-25,94,2026-06-29,2026-07-01,linkedin/paid
P0299,2026-05-24,41,,,webinar
P0300,2026-05-24,42,,,google/cpc
P0301,2026-06-17,24,,,LinkedIn Paid
P0302,2026-05-11,24,,,li
P0303,2026-06-18,88,2026-06-20,2026-06-23,LinkedIn Paid
P0304,2026-06-19,88,2026-06-20,,google/cpc
P0305,2026-04-26,46,,,n/a
P0306,2026-06-03,10,,,direct
P0307,2026-06-18,8,,,li_paid
P0308,2026-04-19,12,,,li_paid
P0309,2026-04-29,88,2026-04-30,2026-05-04,direct
P0310,2026-04-16,79,2026-04-20,2026-04-22,google/cpc
P0311,2026-04-12,33,,,referral
P0312,2026-06-11,2,,,partner_acme
P0313,2026-05-13,64,2026-05-14,2026-05-16,eml
P0314,2026-04-06,92,2026-04-10,2026-04-17,facebook/paid
P0315,2026-04-21,14,,,facebook/paid
P0316,2026-04-19,93,2026-04-23,2026-04-28,referral
P0317,2026-06-04,27,,,email
P0318,2026-06-28,74,2026-07-02,2026-07-08,eml
P0319,2026-04-15,83,2026-04-18,2026-04-22,linkedin/paid
P0320,2026-05-09,33,,,google/cpc
P0321,2026-04-17,94,2026-04-20,2026-04-26,webinar
P0322,2026-06-02,34,,,referral
P0323,2026-05-28,94,2026-05-29,2026-06-01,facebook/paid
P0324,2026-04-27,62,2026-04-30,2026-05-02,direct
P0325,2026-06-14,34,,,linkedin/paid
P0326,2026-05-24,3,,,fb-ads
P0327,2026-06-03,64,2026-06-07,2026-06-10,bing/cpc
P0328,2026-04-27,83,2026-04-28,2026-04-30,
P0329,2026-06-21,46,2026-06-24,2026-06-29,google / organic
P0330,2026-06-13,29,,,referral
P0331,2026-04-08,39,,,webinar
P0332,2026-05-15,58,,,google / organic
P0333,2026-04-28,46,,,direct
P0334,2026-05-16,43,,,null
P0335,2026-06-28,80,2026-06-30,2026-07-07,google/cpc
P0336,2026-05-29,87,2026-06-02,2026-06-08,bing/cpc
P0337,2026-05-09,62,2026-05-11,2026-05-16,organic-linkedin
P0338,2026-05-28,28,,,email
P0339,2026-06-11,16,,,google_cpc
P0340,2026-06-23,10,,,referral
P0341,2026-06-12,75,2026-06-16,2026-06-21,adwords
P0342,2026-05-23,17,,,bing/cpc
P0343,2026-05-26,43,,,n/a
P0344,2026-04-09,91,2026-04-13,2026-04-15,referral
P0345,2026-05-10,5,,,webinar
P0346,2026-06-12,18,,,webinar
P0347,2026-05-20,99,2026-05-23,2026-05-30,google/cpc
P0348,2026-06-23,32,,,google / organic
P0349,2026-04-16,15,,,li_paid
P0350,2026-06-14,65,2026-06-15,2026-06-17,google/cpc
P0351,2026-04-08,40,,,google/cpc
P0352,2026-06-20,7,,,google/cpc
P0353,2026-04-09,71,2026-04-10,,linkedin/paid
P0354,2026-06-26,9,,,webinar
P0355,2026-05-26,99,2026-05-27,2026-06-03,webinar
P0356,2026-04-07,31,,,google_cpc
P0357,2026-06-19,21,,,li
P0358,2026-05-15,91,2026-05-19,2026-05-23,bing/cpc
P0359,2026-05-23,44,2026-05-25,2026-05-31,email
P0360,2026-04-22,75,2026-04-26,2026-05-03,li_organic
P0361,2026-05-14,69,2026-05-17,,referral
P0362,2026-05-06,4,,,email
P0363,2026-04-08,57,,,bing/cpc
P0364,2026-06-14,18,,,li_paid
P0365,2026-06-11,90,2026-06-15,,referral
P0366,2026-06-20,58,2026-06-21,,promo_x
P0367,2026-07-02,74,2026-07-04,,bing/cpc
P0368,2026-05-20,2,,,linkedin/paid
P0369,2026-06-26,87,2026-06-29,2026-07-03,linkedin/paid
P0370,2026-06-15,76,2026-06-16,,webinar
P0371,2026-05-15,22,,,
P0372,2026-06-25,11,,,partner_acme
P0373,2026-04-20,26,,,webinar
P0374,2026-05-12,1,,,webinar
P0375,2026-05-11,32,,,promo_x
P0376,2026-05-06,74,2026-05-07,2026-05-13,
P0377,2026-04-12,72,2026-04-15,2026-04-21,webinar
P0378,2026-05-20,51,2026-05-24,,referral
P0379,2026-04-23,76,2026-04-27,2026-05-04,facebook/paid
P0380,2026-05-16,64,2026-05-19,2026-05-21,eml
P0381,2026-05-21,34,,,meta_paid
P0382,2026-05-08,95,2026-05-09,,li
P0383,2026-04-30,5,,,bing/cpc
P0384,2026-06-25,59,2026-06-29,,linkedin/paid
P0385,2026-04-07,75,2026-04-09,2026-04-15,li_paid
P0386,2026-06-28,61,2026-07-01,2026-07-04,facebook/paid
P0387,2026-06-28,7,,,email
P0388,2026-05-06,38,,,google/cpc
P0389,2026-06-17,95,2026-06-19,2026-06-25,bing/cpc
P0390,2026-05-10,27,,,direct
P0391,2026-06-23,65,2026-06-24,2026-06-27,google/cpc
P0392,2026-04-26,99,2026-04-27,,google / organic
P0393,2026-06-29,89,2026-07-02,2026-07-09,linkedin-sponsored
P0394,2026-05-27,10,,,linkedin-sponsored
P0395,2026-05-11,41,,,google/cpc
P0396,2026-06-20,99,2026-06-24,2026-06-26,partner_acme
P0397,2026-06-29,62,2026-07-01,,google / organic
P0398,2026-05-16,21,,,webinar
P0399,2026-06-30,49,2026-07-03,2026-07-06,google/cpc
P0400,2026-05-11,63,2026-05-14,2026-05-17,referral
P0401,2026-05-25,63,2026-05-28,2026-05-30,direct
P0402,2026-05-04,68,2026-05-07,,
P0403,2026-04-16,22,,,google / organic
P0404,2026-06-21,31,,,google / organic
P0405,2026-05-22,78,2026-05-25,2026-06-01,fb/cpc
P0406,2026-05-17,62,2026-05-20,,linkedin/paid
P0407,2026-05-04,67,2026-05-08,2026-05-14,facebook/paid
P0408,2026-06-14,23,,,direct
P0409,2026-06-01,64,2026-06-02,2026-06-07,webinar
P0410,2026-05-11,44,,,google / organic
P0411,2026-05-12,6,,,direct
P0412,2026-06-10,34,,,linkedin-sponsored
P0413,2026-06-27,90,2026-06-28,,
P0414,2026-06-12,11,,,email
P0415,2026-05-30,2,,,bing/cpc
P0416,2026-06-25,19,,,direct
P0417,2026-05-28,56,2026-06-01,,null
P0418,2026-04-29,93,2026-05-02,2026-05-07,webinar
P0419,2026-07-05,48,2026-07-09,2026-07-13,eml
P0420,2026-05-16,93,2026-05-18,2026-05-20,linkedin/paid
P0421,2026-04-25,64,2026-04-26,,paid_social_li
P0422,2026-05-17,10,,,google/cpc
P0423,2026-04-27,48,,,google / organic
P0424,2026-04-11,23,,,google/cpc
P0425,2026-07-01,30,,,eml
P0426,2026-04-07,51,,,google/cpc
P0427,2026-05-05,2,,,li_organic
P0428,2026-06-26,70,2026-06-27,,email
P0429,2026-05-17,10,,,direct
P0430,2026-06-27,10,,,linkedin/paid
P0431,2026-06-06,84,2026-06-08,2026-06-15,
P0432,2026-04-14,11,,,bing/cpc
P0433,2026-04-12,21,,,email
P0434,2026-04-21,45,,,linkedin/paid
P0435,2026-05-07,36,,,google / organic
P0436,2026-06-02,6,,,google/cpc
P0437,2026-05-25,5,,,bing/cpc
P0438,2026-06-11,51,2026-06-15,2026-06-19,social
P0439,2026-04-17,98,2026-04-21,2026-04-26,google / organic
P0440,2026-05-20,73,2026-05-23,2026-05-27,google/cpc
P0441,2026-06-10,26,,,email
P0442,2026-06-14,93,2026-06-18,2026-06-21,eml
P0443,2026-06-20,19,,,google/cpc
P0444,2026-04-25,46,,,
P0445,2026-04-12,64,2026-04-14,,facebook/paid
P0446,2026-04-23,45,,,LinkedIn Paid
P0447,2026-06-30,95,2026-07-04,,facebook/paid
P0448,2026-06-17,51,2026-06-18,2026-06-21,bing/cpc
P0449,2026-06-27,76,2026-06-29,2026-07-02,bing/cpc
P0450,2026-06-29,46,2026-06-30,2026-07-04,webinar
P0451,2026-05-16,20,,,meta_paid
P0452,2026-05-18,5,,,linkedin/paid
P0453,2026-06-23,74,2026-06-24,,facebook/paid
P0454,2026-07-02,55,2026-07-04,2026-07-07,google / organic
P0455,2026-06-16,98,2026-06-17,2026-06-20,google/cpc
P0456,2026-05-24,58,2026-05-28,2026-06-02,email
P0457,2026-06-29,31,,,google / organic
P0458,2026-06-29,43,,,linkedin/paid
P0459,2026-05-27,11,,,fb/cpc
P0460,2026-05-03,96,2026-05-05,2026-05-11,adwords
P0461,2026-05-23,14,,,bing/cpc
P0462,2026-05-02,49,,,referral
P0463,2026-05-31,2,,,bing/cpc
P0464,2026-05-06,8,,,webinar
P0465,2026-04-28,44,,,referral
P0466,2026-05-16,4,,,google/cpc
P0467,2026-04-22,18,,,bing/cpc
P0468,2026-04-08,15,,,google / organic
P0469,2026-07-03,80,2026-07-05,,referral
P0470,2026-05-11,29,,,referral
P0471,2026-04-18,98,2026-04-22,2026-04-25,google / organic
P0472,2026-04-29,29,,,email-nurture
P0473,2026-06-01,47,2026-06-02,2026-06-08,linkedin-sponsored
P0474,2026-04-15,50,,,bing/cpc
P0475,2026-06-12,96,2026-06-16,2026-06-21,bing/cpc
P0476,2026-06-21,77,2026-06-25,2026-06-28,n/a
P0477,2026-06-24,8,,,webinar
P0478,2026-04-18,17,,,direct
P0479,2026-04-10,40,,,facebook/paid
P0480,2026-04-12,28,,,email
P0481,2026-06-07,49,2026-06-10,2026-06-12,webinar
P0482,2026-06-28,13,,,n/a
P0483,2026-04-13,97,2026-04-14,2026-04-19,social
P0484,2026-06-10,71,2026-06-14,2026-06-20,bing/cpc
P0485,2026-04-10,82,2026-04-12,2026-04-15,facebook/paid
P0486,2026-06-03,74,2026-06-04,2026-06-07,email
P0487,2026-05-30,17,,,webinar
P0488,2026-06-06,64,2026-06-07,2026-06-12,direct
P0489,2026-04-07,4,,,li_paid
P0490,2026-04-08,91,2026-04-09,2026-04-13,referral
P0491,2026-06-18,66,2026-06-22,,email
P0492,2026-04-12,16,,,linkedin-sponsored
P0493,2026-05-19,0,,,null
P0494,2026-05-09,35,,,direct
P0495,2026-05-24,31,,,referral
P0496,2026-04-26,15,,,linkedin/paid
P0497,2026-05-31,65,2026-06-01,,direct
P0498,2026-06-16,29,,,google/cpc
P0499,2026-06-13,64,2026-06-17,2026-06-20,li
P0500,2026-05-03,1,,,referral
P0501,2026-05-18,17,,,google / organic
P0502,2026-06-28,50,2026-06-30,,google / organic
P0503,2026-04-21,26,,,referral
P0504,2026-05-28,32,,,google / organic
P0505,2026-06-29,84,2026-07-01,2026-07-05,linkedin/paid
P0506,2026-04-15,78,2026-04-18,,bing/cpc
P0507,2026-05-26,55,2026-05-28,,webinar
P0508,2026-06-30,11,,,google / organic
P0509,2026-07-05,80,2026-07-06,2026-07-09,bing/cpc
P0510,2026-06-16,67,2026-06-17,,n/a
P0511,2026-05-06,45,,,organic-linkedin
P0512,2026-05-07,74,2026-05-08,2026-05-11,fb/cpc
P0513,2026-05-22,91,2026-05-26,2026-05-30,referral
P0514,2026-05-21,61,2026-05-24,,webinar
P0515,2026-04-27,33,,,email
P0516,2026-05-24,27,,,g/cpc
P0517,2026-07-02,34,,,li_paid
P0518,2026-06-13,63,2026-06-17,2026-06-22,n/a
P0519,2026-05-06,17,,,google_cpc
P0520,2026-04-14,50,,,direct
