touchpoint_id,person_id,timestamp,campaign_id,source
T00001,P0091,2026-05-04,,promo_x
T00002,P0005,2026-04-26,C021,bing/cpc
T00003,P0338,2026-06-28,C010,facebook/paid
T00004,P0333,2026-06-22,C029,bing/cpc
T00005,P0412,2026-05-25,C005,google/cpc
T00006,P0484,2026-04-29,C001,bing/cpc
T00007,P0058,2026-04-28,,google / organic
T00008,P0149,2026-05-21,,newchannel_q3
T00009,P0125,2026-04-22,C001,bing/cpc
T00010,P0516,2026-05-17,C025,google/cpc
T00011,P0182,2026-05-07,C001,bing/cpc
T00012,P0370,2026-05-20,C013,adwords
T00013,P0385,2026-07-01,C003,eml
T00014,P0466,2026-05-04,,
T00015,P0026,2026-05-12,,newchannel_q3
T00016,P0239,2026-05-19,C013,google/cpc
T00017,P0511,2026-04-30,,referral
T00018,P0317,2026-05-16,C018,facebook/paid
T00019,P0449,2026-04-18,C001,bing/cpc
T00020,P0217,2026-05-27,,li
T00021,P0272,2026-04-25,,social
T00022,P0465,2026-06-30,C018,linkedin/paid
T00023,P0202,2026-06-17,,referral
T00024,P0494,2026-06-09,,social
T00025,P0446,2026-05-26,C026,LinkedIn Paid
T00026,P0191,2026-05-20,C013,google/cpc
T00027,P0250,2026-05-27,C030,facebook/paid
T00028,P0205,2026-06-26,C014,meta_paid
T00029,P0167,2026-07-05,C009,google/cpc
T00030,P0144,2026-07-02,C013,bing/cpc
T00031,P0510,2026-05-16,C014,paid_social_li
T00032,P0054,2026-05-13,C030,li_paid
T00033,P0241,2026-06-13,C027,email-nurture
T00034,P0318,2026-05-19,,social
T00035,P0345,2026-06-04,C009,google_cpc
T00036,P0394,2026-07-05,C018,facebook/paid
T00037,P0342,2026-05-05,,null
T00038,P0340,2026-04-18,C026,paid_social_li
T00039,P0283,2026-05-02,,organic-linkedin
T00040,P0096,2026-06-24,,direct
T00041,P0470,2026-04-23,,referral
T00042,P0475,2026-06-21,C016,webinar
T00043,P0452,2026-05-05,C030,linkedin/paid
T00044,P0301,2026-06-16,C005,adwords
T00045,P0278,2026-06-19,C009,google/cpc
T00046,P0089,2026-04-21,C026,linkedin/paid
T00047,P0292,2026-05-06,,n/a
T00048,P0073,2026-05-09,C014,linkedin/paid
T00049,P0060,2026-05-29,C027,eml
T00050,P0424,2026-04-12,C001,google/cpc
T00051,P0428,2026-04-11,C027,email
T00052,P0124,2026-06-14,C023,email
T00053,P0493,2026-04-25,,null
T00054,P0041,2026-05-27,,google / organic
T00055,P0365,2026-04-26,C013,bing/cpc
T00056,P0176,2026-04-11,C001,google/cpc
T00057,P0517,2026-06-25,C017,google/cpc
T00058,P0246,2026-04-27,C029,google_cpc
T00059,P0080,2026-06-26,C010,linkedin/paid
T00060,P0307,2026-05-04,C006,li_paid
T00061,P0215,2026-04-16,C010,LinkedIn Paid
T00062,P0491,2026-05-01,,referral
T00063,P0029,2026-04-21,,direct
T00064,P0403,2026-04-16,,direct
T00065,P0490,2026-06-05,,li
T00066,P0381,2026-05-12,C006,meta_paid
T00067,P0190,2026-06-11,C029,bing/cpc
T00068,P0075,2026-06-04,C025,google_cpc
T00069,P0048,2026-05-09,,google / organic
T00070,P0434,2026-06-18,,google / organic
T00071,P0241,2026-05-10,C006,linkedin-sponsored
T00072,P0022,2026-05-25,C002,facebook/paid
T00073,P0160,2026-06-29,C002,linkedin/paid
T00074,P0348,2026-05-30,,google / organic
T00075,P0517,2026-05-17,C025,google/cpc
T00076,P0055,2026-04-23,,referral
T00077,P0445,2026-05-07,,direct
T00078,P0143,2026-05-04,C023,email
T00079,P0338,2026-06-26,,referral
T00080,P0355,2026-06-05,C003,email-nurture
T00081,P0089,2026-05-10,,google / organic
T00082,P0474,2026-06-04,C017,bing/cpc
T00083,P0039,2026-05-14,C026,fb/cpc
T00084,P0134,2026-06-15,C005,adwords
T00085,P0046,2026-06-05,C026,paid_social_li
T00086,P0130,2026-04-29,,organic-linkedin
T00087,P0223,2026-05-31,C003,email
T00088,P0015,2026-04-14,,google / organic
T00089,P0032,2026-06-24,C020,webinar
T00090,P0158,2026-06-09,C011,email
T00091,P0045,2026-06-14,C016,webinar
T00092,P0223,2026-06-26,,google / organic
T00093,P0032,2026-06-02,C009,google/cpc
T00094,P0205,2026-06-21,,direct
T00095,P0143,2026-06-28,C002,li_paid
T00096,P0387,2026-04-21,C007,email
T00097,P0287,2026-06-09,C029,google/cpc
T00098,P0259,2026-04-08,C001,bing/cpc
T00099,P0104,2026-04-17,C001,google/cpc
T00100,P0445,2026-05-11,C001,bing/cpc
T00101,P0339,2026-05-27,C026,fb-ads
T00102,P0032,2026-06-17,C014,fb/cpc
T00103,P0236,2026-06-04,,partner_acme
T00104,P0187,2026-04-29,C010,facebook/paid
T00105,P0149,2026-06-06,C030,linkedin/paid
T00106,P0036,2026-07-04,,null
T00107,P0030,2026-05-18,C010,linkedin/paid
T00108,P0222,2026-06-05,C025,bing/cpc
T00109,P0204,2026-06-24,C011,email
T00110,P0139,2026-05-14,,li_organic
T00111,P0186,2026-05-09,C023,email
T00112,P0202,2026-06-21,C030,li_paid
T00113,P0017,2026-04-19,C020,webinar
T00114,P0058,2026-06-19,,direct
T00115,P0492,2026-06-12,,google / organic
T00116,P0226,2026-04-21,C001,bing/cpc
T00117,P0148,2026-06-24,C022,li_paid
T00118,P0271,2026-05-24,C014,fb-ads
T00119,P0341,2026-04-24,,newchannel_q3
T00120,P0142,2026-04-23,,direct
T00121,P0250,2026-07-03,C007,email
T00122,P0221,2026-05-07,C002,fb/cpc
T00123,P0312,2026-04-12,C019,email
T00124,P0478,2026-04-20,C018,facebook/paid
T00125,P0014,2026-05-03,C020,webinar
T00126,P0485,2026-06-30,,social
T00127,P0210,2026-06-30,,google / organic
T00128,P0407,2026-05-26,C014,facebook/paid
T00129,P0291,2026-04-23,C029,google/cpc
T00130,P0192,2026-06-04,C008,webinar
T00131,P0137,2026-04-09,,direct
T00132,P0208,2026-05-04,C029,bing/cpc
T00133,P0311,2026-04-18,,referral
T00134,P0054,2026-04-21,C002,linkedin/paid
T00135,P0085,2026-06-03,C030,linkedin/paid
T00136,P0282,2026-04-14,,referral
T00137,P0056,2026-04-30,C024,webinar
T00138,P0389,2026-04-18,C012,webinar
T00139,P0387,2026-05-30,C001,google/cpc
T00140,P0202,2026-05-02,C012,webinar
T00141,P0034,2026-05-29,C030,li_paid
T00142,P0057,2026-07-01,,google / organic
T00143,P0372,2026-05-30,,direct
T00144,P0515,2026-06-04,C027,email
T00145,P0297,2026-06-27,,direct
T00146,P0407,2026-07-01,,promo_x
T00147,P0014,2026-06-13,C005,google/cpc
T00148,P0511,2026-05-19,C026,facebook/paid
T00149,P0107,2026-05-26,,li
T00150,P0073,2026-07-03,C013,adwords
T00151,P0147,2026-06-09,C011,email
T00152,P0366,2026-07-01,,google / organic
T00153,P0149,2026-04-07,C010,facebook/paid
T00154,P0303,2026-05-27,,
T00155,P0275,2026-06-03,C012,webinar
T00156,P0069,2026-06-02,C001,google/cpc
T00157,P0144,2026-04-22,C022,facebook/paid
T00158,P0040,2026-05-19,C006,facebook/paid
T00159,P0334,2026-06-14,,google / organic
T00160,P0226,2026-06-14,C010,fb/cpc
T00161,P0226,2026-06-29,C019,eml
T00162,P0146,2026-06-05,,direct
T00163,P0225,2026-06-04,C014,linkedin/paid
T00164,P0456,2026-04-12,C007,email
T00165,P0469,2026-04-07,,referral
T00166,P0149,2026-06-23,C018,linkedin/paid
T00167,P0267,2026-04-11,C028,webinar
T00168,P0372,2026-04-26,C022,linkedin-sponsored
T00169,P0513,2026-06-19,,google / organic
T00170,P0382,2026-04-25,,li
T00171,P0258,2026-05-06,C022,linkedin/paid
T00172,P0122,2026-06-28,C002,facebook/paid
T00173,P0207,2026-04-25,C005,bing/cpc
T00174,P0362,2026-05-26,,promo_x
T00175,P0482,2026-05-25,C018,linkedin/paid
T00176,P0500,2026-04-10,,referral
T00177,P0268,2026-05-23,C030,facebook/paid
T00178,P0495,2026-06-16,C021,adwords
T00179,P0478,2026-04-20,C008,webinar
T00180,P0225,2026-06-14,C014,paid_social_li
T00181,P0389,2026-06-20,,li
T00182,P0176,2026-06-11,C024,webinar
T00183,P0426,2026-06-05,,google / organic
T00184,P0467,2026-05-05,C001,google/cpc
T00185,P0112,2026-04-09,C006,fb/cpc
T00186,P0099,2026-06-04,C009,google/cpc
T00187,P0301,2026-05-12,C023,email
T00188,P0107,2026-04-29,,referral
T00189,P0223,2026-04-27,,direct
T00190,P0130,2026-05-28,,direct
T00191,P0391,2026-06-08,C014,linkedin/paid
T00192,P0281,2026-06-04,,direct
T00193,P0210,2026-05-09,C014,linkedin-sponsored
T00194,P0416,2026-06-30,C010,LinkedIn Paid
T00195,P0104,2026-06-08,C030,linkedin/paid
T00196,P0362,2026-06-06,C002,facebook/paid
T00197,P0124,2026-06-14,C030,linkedin/paid
T00198,P0100,2026-07-02,C026,linkedin/paid
T00199,P0453,2026-05-07,,google / organic
T00200,P0310,2026-05-12,C019,email
T00201,P0117,2026-06-12,C007,email
T00202,P0381,2026-06-03,C009,g/cpc
T00203,P0277,2026-04-20,,
T00204,P0386,2026-06-08,,referral
T00205,P0134,2026-06-12,,google / organic
T00206,P0146,2026-06-22,C017,bing/cpc
T00207,P0437,2026-05-15,C029,bing/cpc
T00208,P0516,2026-06-28,C011,email
T00209,P0298,2026-06-25,,google / organic
T00210,P0253,2026-04-30,C025,bing/cpc
T00211,P0183,2026-06-24,C021,bing/cpc
T00212,P0206,2026-05-12,C006,linkedin-sponsored
T00213,P0087,2026-06-24,C030,linkedin/paid
T00214,P0202,2026-06-20,C006,linkedin/paid
T00215,P0302,2026-05-02,,direct
T00216,P0240,2026-05-12,,n/a
T00217,P0416,2026-06-10,,referral
T00218,P0408,2026-04-29,,null
T00219,P0490,2026-06-22,,direct
T00220,P0456,2026-05-16,C018,meta_paid
T00221,P0378,2026-05-19,,referral
T00222,P0418,2026-06-09,,google / organic
T00223,P0297,2026-04-08,C002,li_paid
T00224,P0117,2026-06-13,C010,linkedin-sponsored
T00225,P0019,2026-05-01,,promo_x
T00226,P0520,2026-05-17,C006,facebook/paid
T00227,P0144,2026-06-16,C026,fb/cpc
T00228,P0072,2026-05-22,,li_organic
T00229,P0431,2026-06-27,C030,facebook/paid
T00230,P0354,2026-05-20,C024,webinar
T00231,P0115,2026-06-15,C022,facebook/paid
T00232,P0220,2026-04-07,,direct
T00233,P0365,2026-06-06,,google / organic
T00234,P0464,2026-05-14,C029,bing/cpc
T00235,P0464,2026-04-14,C012,webinar
T00236,P0067,2026-05-05,C018,paid_social_li
T00237,P0345,2026-04-10,C008,webinar
T00238,P0036,2026-07-01,C002,linkedin/paid
T00239,P0228,2026-07-02,C030,li_paid
T00240,P0162,2026-04-13,,google / organic
T00241,P0296,2026-06-10,C007,eml
T00242,P0466,2026-05-01,,direct
T00243,P0226,2026-06-01,C030,linkedin/paid
T00244,P0448,2026-04-30,C022,LinkedIn Paid
T00245,P0345,2026-04-14,,referral
T00246,P0394,2026-05-14,C005,google_cpc
T00247,P0396,2026-04-27,,partner_acme
T00248,P0133,2026-05-19,,li_organic
T00249,P0220,2026-05-27,C011,email
T00250,P0502,2026-05-14,C002,li_paid
T00251,P0183,2026-06-06,C009,bing/cpc
T00252,P0324,2026-04-11,,direct
T00253,P0322,2026-06-30,,direct
T00254,P0155,2026-05-02,C002,linkedin/paid
T00255,P0494,2026-06-21,C003,email
T00256,P0006,2026-04-30,,google / organic
T00257,P0066,2026-06-04,,referral
T00258,P0419,2026-04-17,C019,eml
T00259,P0519,2026-06-06,C022,facebook/paid
T00260,P0149,2026-06-24,,referral
T00261,P0102,2026-04-28,,direct
T00262,P0051,2026-05-18,C005,google/cpc
T00263,P0044,2026-06-18,C003,email
T00264,P0301,2026-04-07,C018,LinkedIn Paid
T00265,P0164,2026-06-08,,direct
T00266,P0218,2026-05-17,C006,fb-ads
T00267,P0283,2026-05-25,C014,fb-ads
T00268,P0489,2026-05-22,C018,li_paid
T00269,P0286,2026-06-12,,promo_x
T00270,P0462,2026-05-12,C027,email
T00271,P0513,2026-06-13,C016,webinar
T00272,P0415,2026-05-10,C023,email
T00273,P0114,2026-05-14,,direct
T00274,P0102,2026-05-31,C009,google/cpc
T00275,P0513,2026-05-25,C009,google/cpc
T00276,P0009,2026-07-05,C029,google/cpc
T00277,P0504,2026-06-12,,null
T00278,P0084,2026-04-24,C025,google/cpc
T00279,P0442,2026-05-04,C016,webinar
T00280,P0277,2026-06-17,C009,google/cpc
T00281,P0449,2026-06-09,C001,google/cpc
T00282,P0311,2026-06-20,C025,google/cpc
T00283,P0029,2026-04-18,,google / organic
T00284,P0019,2026-05-14,C029,bing/cpc
T00285,P0432,2026-05-11,C026,linkedin/paid
T00286,P0433,2026-04-19,C027,email
T00287,P0322,2026-06-14,,newchannel_q3
T00288,P0192,2026-05-27,C027,email-nurture
T00289,P0127,2026-05-11,,referral
T00290,P0169,2026-05-01,C005,google/cpc
T00291,P0146,2026-05-08,,direct
T00292,P0032,2026-05-24,,google / organic
T00293,P0294,2026-04-22,C003,email-nurture
T00294,P0513,2026-04-22,,referral
T00295,P0371,2026-05-08,C010,meta_paid
T00296,P0013,2026-04-25,C003,email
T00297,P0187,2026-04-09,C025,bing/cpc
T00298,P0281,2026-06-08,C019,email
T00299,P0512,2026-06-06,C012,webinar
T00300,P0392,2026-05-12,C030,facebook/paid
T00301,P0193,2026-05-02,C018,facebook/paid
T00302,P0428,2026-04-19,,referral
T00303,P0087,2026-05-29,,referral
T00304,P0101,2026-07-01,,direct
T00305,P0108,2026-04-25,C010,facebook/paid
T00306,P0214,2026-05-11,C020,webinar
T00307,P0332,2026-05-02,C003,email
T00308,P0013,2026-04-21,C003,email
T00309,P0124,2026-04-16,C017,google_cpc
T00310,P0369,2026-04-26,C025,bing/cpc
T00311,P0288,2026-05-20,C017,google/cpc
T00312,P0445,2026-05-28,C003,email-nurture
T00313,P0088,2026-04-22,,referral
T00314,P0203,2026-04-07,C030,fb/cpc
T00315,P0062,2026-04-22,C021,adwords
T00316,P0027,2026-06-15,C021,google/cpc
T00317,P0043,2026-06-30,C012,webinar
T00318,P0207,2026-06-12,,direct
T00319,P0215,2026-05-09,C006,fb/cpc
T00320,P0133,2026-05-16,C008,webinar
T00321,P0018,2026-06-16,,direct
T00322,P0062,2026-05-28,C017,google/cpc
T00323,P0401,2026-05-17,C025,google/cpc
T00324,P0137,2026-05-21,,google / organic
T00325,P0503,2026-04-27,,referral
T00326,P0261,2026-06-10,C029,google/cpc
T00327,P0166,2026-05-26,,google / organic
T00328,P0308,2026-05-06,C030,li_paid
T00329,P0063,2026-04-29,C014,linkedin-sponsored
T00330,P0233,2026-06-15,C001,bing/cpc
T00331,P0509,2026-04-17,,referral
T00332,P0125,2026-06-22,C011,email
T00333,P0435,2026-06-13,,direct
T00334,P0288,2026-06-13,C009,google/cpc
T00335,P0438,2026-04-30,,promo_x
T00336,P0483,2026-06-08,,newchannel_q3
T00337,P0459,2026-05-12,,newchannel_q3
T00338,P0511,2026-04-14,,referral
T00339,P0136,2026-06-09,C015,email
T00340,P0007,2026-04-28,,li_organic
T00341,P0474,2026-04-11,C005,bing/cpc
T00342,P0020,2026-05-27,C015,email
T00343,P0494,2026-05-07,C014,facebook/paid
T00344,P0509,2026-04-29,C021,google/cpc
T00345,P0349,2026-05-30,,direct
T00346,P0429,2026-05-27,C026,paid_social_li
T00347,P0029,2026-04-19,C010,li_paid
T00348,P0414,2026-07-02,C005,bing/cpc
T00349,P0369,2026-04-20,,direct
T00350,P0497,2026-05-18,C010,linkedin/paid
T00351,P0095,2026-06-14,,li
T00352,P0284,2026-04-18,C012,webinar
T00353,P0123,2026-06-24,C001,adwords
T00354,P0022,2026-06-13,C025,google/cpc
T00355,P0387,2026-04-14,C019,email
T00356,P0137,2026-06-24,,google / organic
T00357,P0018,2026-06-15,C029,bing/cpc
T00358,P0401,2026-05-17,,social
T00359,P0447,2026-06-06,C014,facebook/paid
T00360,P0302,2026-04-15,,li
T00361,P0107,2026-04-13,C011,email
T00362,P0060,2026-06-02,,li
T00363,P0098,2026-06-03,,google / organic
T00364,P0118,2026-06-27,C018,facebook/paid
T00365,P0512,2026-05-31,C022,facebook/paid
T00366,P0201,2026-06-29,,google / organic
T00367,P0467,2026-04-18,C013,bing/cpc
T00368,P0124,2026-05-03,C002,paid_social_li
T00369,P0096,2026-04-18,,direct
T00370,P0040,2026-06-14,,direct
T00371,P0332,2026-05-22,C001,adwords
T00372,P0322,2026-04-16,C014,facebook/paid
T00373,P0244,2026-04-20,,organic-linkedin
T00374,P0070,2026-06-28,C015,email
T00375,P0407,2026-06-30,,direct
T00376,P0408,2026-05-30,C012,webinar
T00377,P0290,2026-05-21,C022,fb/cpc
T00378,P0448,2026-06-04,,direct
T00379,P0463,2026-05-26,C011,email
T00380,P0243,2026-04-30,,direct
T00381,P0429,2026-05-02,C006,fb/cpc
T00382,P0339,2026-04-22,C023,eml
T00383,P0242,2026-04-25,C028,webinar
T00384,P0378,2026-06-17,C001,bing/cpc
T00385,P0433,2026-06-29,,google / organic
T00386,P0229,2026-04-26,C006,facebook/paid
T00387,P0134,2026-05-25,C010,facebook/paid
T00388,P0249,2026-06-20,,promo_x
T00389,P0362,2026-04-27,C003,email
T00390,P0103,2026-04-18,C017,adwords
T00391,P0103,2026-05-25,C030,LinkedIn Paid
T00392,P0037,2026-04-24,C009,bing/cpc
T00393,P0048,2026-06-14,C025,google/cpc
T00394,P0168,2026-04-26,C023,email
T00395,P0230,2026-06-20,C029,bing/cpc
T00396,P0267,2026-05-15,C016,webinar
T00397,P0194,2026-05-30,,li_organic
T00398,P0508,2026-04-30,C003,email
T00399,P0168,2026-06-11,,partner_acme
T00400,P0237,2026-06-20,,direct
T00401,P0019,2026-07-03,C017,g/cpc
T00402,P0125,2026-04-24,C025,g/cpc
T00403,P0184,2026-04-27,C014,linkedin/paid
T00404,P0333,2026-06-18,,direct
T00405,P0421,2026-06-04,C024,webinar
T00406,P0133,2026-04-20,,null
T00407,P0048,2026-04-17,C006,facebook/paid
T00408,P0228,2026-04-15,,li_organic
T00409,P0432,2026-05-23,,direct
T00410,P0327,2026-04-30,C030,linkedin/paid
T00411,P0081,2026-05-08,,referral
T00412,P0345,2026-06-14,C019,email
T00413,P0040,2026-04-21,C022,paid_social_li
T00414,P0072,2026-05-28,C024,webinar
T00415,P0008,2026-06-12,,google / organic
T00416,P0329,2026-04-09,,google / organic
T00417,P0251,2026-05-11,C014,fb/cpc
T00418,P0007,2026-06-18,C009,google/cpc
T00419,P0180,2026-06-11,C029,adwords
T00420,P0150,2026-05-24,C026,linkedin/paid
T00421,P0095,2026-06-02,,referral
T00422,P0029,2026-07-01,C022,linkedin/paid
T00423,P0258,2026-05-26,C017,google/cpc
T00424,P0262,2026-06-23,C006,linkedin/paid
T00425,P0103,2026-05-01,C015,email
T00426,P0504,2026-06-12,,promo_x
T00427,P0239,2026-05-28,C026,facebook/paid
T00428,P0309,2026-06-11,,direct
T00429,P0487,2026-06-22,C021,google/cpc
T00430,P0475,2026-04-27,C026,linkedin/paid
T00431,P0140,2026-04-09,C005,adwords
T00432,P0518,2026-04-07,,n/a
T00433,P0245,2026-07-04,C002,fb/cpc
T00434,P0182,2026-06-28,,li
T00435,P0457,2026-06-15,,li
T00436,P0278,2026-04-15,,n/a
T00437,P0060,2026-05-22,C003,email
T00438,P0153,2026-04-15,C016,webinar
T00439,P0172,2026-05-04,C030,fb-ads
T00440,P0060,2026-07-05,C008,webinar
T00441,P0168,2026-06-08,C023,email
T00442,P0423,2026-04-10,C002,paid_social_li
T00443,P0290,2026-06-08,,direct
T00444,P0324,2026-06-09,C013,bing/cpc
T00445,P0104,2026-07-04,C025,google/cpc
T00446,P0020,2026-05-21,C007,email
T00447,P0110,2026-07-02,,social
T00448,P0104,2026-06-03,,referral
T00449,P0040,2026-06-12,C001,google/cpc
T00450,P0214,2026-05-08,,partner_acme
T00451,P0340,2026-05-13,C029,bing/cpc
T00452,P0237,2026-05-15,C002,linkedin-sponsored
T00453,P0451,2026-06-16,C018,facebook/paid
T00454,P0368,2026-05-26,C010,linkedin/paid
T00455,P0254,2026-04-09,C003,email
T00456,P0287,2026-05-23,,newchannel_q3
T00457,P0016,2026-05-28,C026,fb-ads
T00458,P0149,2026-06-12,C016,webinar
T00459,P0367,2026-06-22,C010,li_paid
T00460,P0157,2026-07-05,C007,eml
T00461,P0516,2026-04-17,C009,g/cpc
T00462,P0511,2026-05-11,C027,email
T00463,P0500,2026-06-09,C018,facebook/paid
T00464,P0181,2026-04-19,,google / organic
T00465,P0024,2026-06-06,C022,linkedin-sponsored
T00466,P0112,2026-04-24,C021,google/cpc
T00467,P0464,2026-05-09,C017,google/cpc
T00468,P0153,2026-06-13,C026,fb/cpc
T00469,P0409,2026-06-18,,referral
T00470,P0250,2026-05-05,,direct
T00471,P0466,2026-04-25,,referral
T00472,P0519,2026-06-18,,google / organic
T00473,P0156,2026-04-21,,referral
T00474,P0421,2026-05-19,,social
T00475,P0400,2026-06-19,C017,bing/cpc
T00476,P0484,2026-07-03,C001,google/cpc
T00477,P0334,2026-07-02,,referral
T00478,P0396,2026-05-04,C022,fb/cpc
T00479,P0364,2026-04-21,C026,li_paid
T00480,P0027,2026-05-10,C009,google/cpc
T00481,P0365,2026-04-11,,referral
T00482,P0105,2026-05-20,C006,linkedin/paid
T00483,P0100,2026-04-10,,referral
T00484,P0440,2026-05-11,C005,adwords
T00485,P0271,2026-04-18,C002,linkedin/paid
T00486,P0383,2026-07-04,,promo_x
T00487,P0282,2026-07-04,C013,google/cpc
T00488,P0450,2026-06-17,,li_organic
T00489,P0119,2026-05-16,C028,webinar
T00490,P0476,2026-05-15,,n/a
T00491,P0345,2026-06-09,,google / organic
T00492,P0233,2026-04-24,,direct
T00493,P0049,2026-05-06,C007,email-nurture
T00494,P0495,2026-05-07,,direct
T00495,P0233,2026-06-27,C005,google/cpc
T00496,P0081,2026-06-02,,null
T00497,P0231,2026-05-18,,
T00498,P0312,2026-04-21,C019,email
T00499,P0159,2026-04-26,C024,webinar
T00500,P0513,2026-06-25,C017,google/cpc
T00501,P0085,2026-04-10,C017,google/cpc
T00502,P0044,2026-04-24,,null
T00503,P0212,2026-07-01,C005,adwords
T00504,P0506,2026-06-06,,organic-linkedin
T00505,P0042,2026-05-19,,google / organic
T00506,P0473,2026-06-10,C029,adwords
T00507,P0165,2026-04-06,C009,bing/cpc
T00508,P0357,2026-05-09,C009,google/cpc
T00509,P0230,2026-06-13,C026,linkedin/paid
T00510,P0366,2026-05-14,,promo_x
T00511,P0096,2026-05-06,,google / organic
T00512,P0083,2026-06-01,C009,bing/cpc
T00513,P0077,2026-05-03,C022,paid_social_li
T00514,P0189,2026-04-27,,partner_acme
T00515,P0029,2026-04-15,C011,email
T00516,P0187,2026-04-20,C008,webinar
T00517,P0149,2026-06-07,C029,bing/cpc
T00518,P0051,2026-06-15,C022,meta_paid
T00519,P0039,2026-06-09,C025,google/cpc
T00520,P0516,2026-05-06,,organic-linkedin
T00521,P0001,2026-04-15,C024,webinar
T00522,P0200,2026-04-15,,google / organic
T00523,P0446,2026-06-14,C014,linkedin-sponsored
T00524,P0365,2026-05-29,C023,email
T00525,P0300,2026-05-09,C002,facebook/paid
T00526,P0223,2026-06-27,C025,google_cpc
T00527,P0012,2026-05-16,,partner_acme
T00528,P0451,2026-05-12,C014,fb/cpc
T00529,P0291,2026-06-07,C023,eml
T00530,P0380,2026-05-24,C030,linkedin/paid
T00531,P0476,2026-06-14,C012,webinar
T00532,P0138,2026-05-25,,google / organic
T00533,P0300,2026-06-27,C006,facebook/paid
T00534,P0004,2026-06-30,,google / organic
T00535,P0040,2026-04-15,C010,linkedin-sponsored
T00536,P0035,2026-06-08,C014,facebook/paid
T00537,P0047,2026-06-24,C007,email
T00538,P0411,2026-05-21,,null
T00539,P0302,2026-07-01,C009,g/cpc
T00540,P0123,2026-05-08,C021,google_cpc
T00541,P0408,2026-05-09,C013,google_cpc
T00542,P0032,2026-04-16,C024,webinar
T00543,P0163,2026-05-23,,google / organic
T00544,P0496,2026-05-06,C026,linkedin/paid
T00545,P0115,2026-04-20,,google / organic
T00546,P0077,2026-04-29,C030,linkedin/paid
T00547,P0228,2026-05-20,C030,linkedin/paid
T00548,P0469,2026-04-22,,google / organic
T00549,P0330,2026-05-04,,referral
T00550,P0360,2026-06-12,,direct
T00551,P0504,2026-06-12,C024,webinar
T00552,P0018,2026-06-22,C013,bing/cpc
T00553,P0209,2026-06-24,,direct
T00554,P0075,2026-06-20,C020,webinar
T00555,P0491,2026-05-27,C010,linkedin/paid
T00556,P0187,2026-05-11,C021,bing/cpc
T00557,P0045,2026-06-08,C025,google/cpc
T00558,P0384,2026-06-17,C030,linkedin/paid
T00559,P0510,2026-04-14,,n/a
T00560,P0275,2026-05-31,C020,webinar
T00561,P0009,2026-06-27,C018,linkedin/paid
T00562,P0300,2026-04-18,,direct
T00563,P0374,2026-04-15,C008,webinar
T00564,P0120,2026-06-07,,social
T00565,P0481,2026-04-18,C024,webinar
T00566,P0213,2026-05-09,C022,linkedin/paid
T00567,P0042,2026-06-20,C014,linkedin/paid
T00568,P0195,2026-05-20,C027,email
T00569,P0016,2026-04-08,C018,fb-ads
T00570,P0134,2026-05-15,,google / organic
T00571,P0081,2026-06-15,,partner_acme
T00572,P0511,2026-05-06,C018,facebook/paid
T00573,P0227,2026-05-29,,referral
T00574,P0048,2026-05-15,,referral
T00575,P0325,2026-05-31,C024,webinar
T00576,P0298,2026-04-25,,promo_x
T00577,P0153,2026-06-09,C022,linkedin/paid
T00578,P0238,2026-06-07,,referral
T00579,P0225,2026-06-03,C005,bing/cpc
T00580,P0211,2026-06-24,,referral
T00581,P0472,2026-06-06,,partner_acme
T00582,P0414,2026-05-07,,referral
T00583,P0504,2026-06-14,,google / organic
T00584,P0027,2026-06-24,C025,g/cpc
T00585,P0339,2026-04-14,C013,google_cpc
T00586,P0495,2026-06-03,C029,bing/cpc
T00587,P0408,2026-05-07,,google / organic
T00588,P0075,2026-04-14,C026,linkedin/paid
T00589,P0022,2026-04-26,,n/a
T00590,P0228,2026-06-02,C014,linkedin/paid
T00591,P0428,2026-04-28,,direct
T00592,P0004,2026-05-07,C029,google/cpc
T00593,P0377,2026-04-16,C027,email
T00594,P0080,2026-06-18,C001,google_cpc
T00595,P0500,2026-05-01,,li_organic
T00596,P0121,2026-05-08,,li
T00597,P0140,2026-06-29,C009,g/cpc
T00598,P0104,2026-04-11,C025,bing/cpc
T00599,P0157,2026-06-05,C005,bing/cpc
T00600,P0313,2026-06-15,C024,webinar
T00601,P0257,2026-06-09,,google / organic
T00602,P0328,2026-04-22,,
T00603,P0033,2026-07-05,C018,linkedin-sponsored
T00604,P0326,2026-04-16,C018,fb-ads
T00605,P0176,2026-04-12,,direct
T00606,P0078,2026-04-14,C014,facebook/paid
T00607,P0103,2026-06-29,,organic-linkedin
T00608,P0303,2026-04-30,C007,email
T00609,P0038,2026-04-10,C028,webinar
T00610,P0502,2026-04-16,,google / organic
T00611,P0100,2026-04-29,C002,linkedin/paid
T00612,P0268,2026-04-16,C017,google_cpc
T00613,P0126,2026-05-29,,direct
T00614,P0129,2026-04-17,C002,paid_social_li
T00615,P0323,2026-05-05,C014,facebook/paid
T00616,P0073,2026-04-14,,google / organic
T00617,P0301,2026-04-09,C001,adwords
T00618,P0089,2026-06-17,C010,linkedin-sponsored
T00619,P0183,2026-06-02,,google / organic
T00620,P0473,2026-06-20,C015,email
T00621,P0040,2026-06-27,,null
T00622,P0458,2026-05-26,C022,meta_paid
T00623,P0417,2026-05-06,,referral
T00624,P0356,2026-04-14,C009,bing/cpc
T00625,P0146,2026-06-01,C015,email
T00626,P0282,2026-04-25,,direct
T00627,P0355,2026-06-20,C017,g/cpc
T00628,P0163,2026-07-04,C009,google/cpc
T00629,P0322,2026-05-11,C006,facebook/paid
T00630,P0210,2026-05-29,C006,li_paid
T00631,P0023,2026-06-15,,referral
T00632,P0255,2026-05-27,C009,adwords
T00633,P0369,2026-06-06,C025,bing/cpc
T00634,P0042,2026-05-11,C028,webinar
T00635,P0354,2026-06-11,C015,email
T00636,P0190,2026-04-16,,newchannel_q3
T00637,P0479,2026-05-15,,li
T00638,P0493,2026-04-25,,social
T00639,P0127,2026-05-18,,newchannel_q3
T00640,P0488,2026-07-03,C010,facebook/paid
T00641,P0317,2026-06-21,C030,facebook/paid
T00642,P0144,2026-06-03,C005,google/cpc
T00643,P0391,2026-05-16,C017,google/cpc
T00644,P0369,2026-04-22,C017,google/cpc
T00645,P0353,2026-06-02,,direct
T00646,P0121,2026-05-25,C001,google/cpc
T00647,P0488,2026-05-21,,direct
T00648,P0084,2026-06-02,C028,webinar
T00649,P0377,2026-04-25,C006,facebook/paid
T00650,P0027,2026-05-17,C017,bing/cpc
T00651,P0403,2026-04-08,,google / organic
T00652,P0258,2026-05-04,,direct
T00653,P0188,2026-04-18,,partner_acme
T00654,P0465,2026-06-21,C011,email
T00655,P0263,2026-06-16,,direct
T00656,P0198,2026-05-25,C022,LinkedIn Paid
T00657,P0121,2026-06-29,C030,linkedin/paid
T00658,P0366,2026-06-23,C017,adwords
T00659,P0407,2026-05-29,C026,facebook/paid
T00660,P0248,2026-05-24,,referral
T00661,P0303,2026-04-15,C018,LinkedIn Paid
T00662,P0281,2026-06-01,C001,bing/cpc
T00663,P0252,2026-04-13,C021,google/cpc
T00664,P0256,2026-07-04,C009,bing/cpc
T00665,P0073,2026-06-28,C017,google/cpc
T00666,P0189,2026-04-14,,social
T00667,P0026,2026-05-28,,google / organic
T00668,P0081,2026-04-29,,direct
T00669,P0239,2026-06-02,C022,facebook/paid
T00670,P0053,2026-07-02,C009,bing/cpc
T00671,P0447,2026-06-23,,n/a
T00672,P0212,2026-07-05,C005,google_cpc
T00673,P0152,2026-04-17,,direct
T00674,P0412,2026-06-04,C017,bing/cpc
T00675,P0050,2026-06-11,C013,google/cpc
T00676,P0036,2026-04-06,C016,webinar
T00677,P0076,2026-06-28,,promo_x
T00678,P0473,2026-05-04,C010,linkedin-sponsored
T00679,P0451,2026-05-28,,referral
T00680,P0509,2026-05-20,C002,facebook/paid
T00681,P0314,2026-05-22,C011,email
T00682,P0347,2026-04-20,C021,google/cpc
T00683,P0109,2026-04-29,C018,linkedin/paid
T00684,P0497,2026-05-10,C002,linkedin/paid
T00685,P0507,2026-05-18,C004,webinar
T00686,P0489,2026-06-14,,direct
T00687,P0342,2026-05-01,C011,email
T00688,P0108,2026-04-07,C014,facebook/paid
T00689,P0269,2026-04-11,,direct
T00690,P0112,2026-05-07,C010,facebook/paid
T00691,P0465,2026-05-15,,referral
T00692,P0011,2026-06-17,,direct
T00693,P0106,2026-06-09,,google / organic
T00694,P0209,2026-04-08,C030,facebook/paid
T00695,P0060,2026-05-22,C026,facebook/paid
T00696,P0214,2026-04-28,C005,bing/cpc
T00697,P0374,2026-05-25,,google / organic
T00698,P0482,2026-06-13,,newchannel_q3
T00699,P0227,2026-06-11,,referral
T00700,P0394,2026-05-31,C010,fb-ads
T00701,P0320,2026-05-02,C005,google/cpc
T00702,P0187,2026-04-12,C018,meta_paid
T00703,P0260,2026-05-22,C029,bing/cpc
T00704,P0499,2026-05-13,,li
T00705,P0351,2026-05-31,C006,facebook/paid
T00706,P0438,2026-04-18,,social
T00707,P0190,2026-05-31,C002,LinkedIn Paid
T00708,P0080,2026-06-29,C024,webinar
T00709,P0139,2026-05-21,,google / organic
T00710,P0200,2026-06-02,C003,email
T00711,P0202,2026-05-04,C029,google/cpc
T00712,P0263,2026-06-28,C025,google/cpc
T00713,P0426,2026-04-06,C009,google/cpc
T00714,P0036,2026-06-29,C006,facebook/paid
T00715,P0201,2026-04-24,,null
T00716,P0434,2026-06-04,C022,linkedin/paid
T00717,P0136,2026-06-07,,referral
T00718,P0369,2026-07-01,,social
T00719,P0423,2026-04-10,C027,email
T00720,P0342,2026-04-10,C005,google_cpc
T00721,P0394,2026-05-18,,organic-linkedin
T00722,P0161,2026-05-05,,google / organic
T00723,P0048,2026-04-19,,social
T00724,P0321,2026-05-26,,direct
T00725,P0233,2026-04-30,,referral
T00726,P0104,2026-06-30,,google / organic
T00727,P0103,2026-05-20,,partner_acme
T00728,P0404,2026-04-13,C021,bing/cpc
T00729,P0042,2026-07-04,,referral
T00730,P0397,2026-04-29,,google / organic
T00731,P0245,2026-06-11,C023,eml
T00732,P0485,2026-07-04,C018,fb-ads
T00733,P0222,2026-05-08,,referral
T00734,P0063,2026-05-06,C016,webinar
T00735,P0518,2026-05-01,C030,facebook/paid
T00736,P0027,2026-07-04,C021,bing/cpc
T00737,P0157,2026-06-20,C026,linkedin/paid
T00738,P0328,2026-05-25,C024,webinar
T00739,P0296,2026-06-06,C018,linkedin/paid
T00740,P0421,2026-06-02,C023,email-nurture
T00741,P0371,2026-04-12,C021,google/cpc
T00742,P0215,2026-04-12,C007,email
T00743,P0213,2026-06-29,C026,linkedin-sponsored
T00744,P0085,2026-06-21,,referral
T00745,P0103,2026-05-30,C019,email-nurture
T00746,P0414,2026-07-02,,referral
T00747,P0314,2026-06-01,C001,bing/cpc
T00748,P0306,2026-06-15,,direct
T00749,P0137,2026-06-02,C014,facebook/paid
T00750,P0290,2026-04-25,C025,g/cpc
T00751,P0458,2026-06-16,C001,google_cpc
T00752,P0286,2026-05-13,C009,google/cpc
T00753,P0324,2026-06-29,C024,webinar
T00754,P0443,2026-05-07,C025,google/cpc
T00755,P0313,2026-05-06,,google / organic
T00756,P0192,2026-05-19,C023,email-nurture
T00757,P0016,2026-06-05,C009,bing/cpc
T00758,P0137,2026-05-24,C008,webinar
T00759,P0290,2026-05-17,,organic-linkedin
T00760,P0518,2026-06-17,C002,linkedin/paid
T00761,P0152,2026-06-07,C027,email
T00762,P0044,2026-05-05,C015,eml
T00763,P0244,2026-05-18,C026,facebook/paid
T00764,P0293,2026-04-13,C005,adwords
T00765,P0404,2026-04-09,,google / organic
T00766,P0492,2026-06-05,C026,linkedin-sponsored
T00767,P0429,2026-04-22,C006,linkedin/paid
T00768,P0119,2026-05-01,,google / organic
T00769,P0378,2026-06-07,C006,linkedin/paid
T00770,P0163,2026-05-03,,referral
T00771,P0312,2026-05-31,,google / organic
T00772,P0328,2026-05-15,C022,linkedin/paid
T00773,P0261,2026-06-05,,referral
T00774,P0053,2026-06-19,C014,linkedin/paid
T00775,P0170,2026-06-03,,n/a
T00776,P0358,2026-04-20,C029,bing/cpc
T00777,P0019,2026-05-23,,referral
T00778,P0165,2026-06-05,C005,bing/cpc
T00779,P0429,2026-05-05,,direct
T00780,P0519,2026-04-10,C017,google_cpc
T00781,P0173,2026-06-25,C014,facebook/paid
T00782,P0361,2026-04-08,,referral
T00783,P0212,2026-04-10,C021,bing/cpc
T00784,P0195,2026-05-12,C025,bing/cpc
T00785,P0099,2026-05-25,C026,linkedin/paid
T00786,P0097,2026-04-10,C003,email
T00787,P0142,2026-05-25,,li_organic
T00788,P0388,2026-06-02,C015,email
T00789,P0347,2026-06-06,C026,li_paid
T00790,P0200,2026-05-08,C013,google/cpc
T00791,P0227,2026-04-17,,direct
T00792,P0164,2026-04-27,C014,facebook/paid
T00793,P0159,2026-06-17,,google / organic
T00794,P0284,2026-06-15,C006,facebook/paid
T00795,P0147,2026-06-26,,google / organic
T00796,P0319,2026-05-02,C026,meta_paid
T00797,P0494,2026-04-21,,direct
T00798,P0034,2026-06-28,C001,bing/cpc
T00799,P0153,2026-05-07,C030,linkedin-sponsored
T00800,P0086,2026-05-27,,li_organic
T00801,P0352,2026-04-14,C007,email
T00802,P0166,2026-06-12,C021,google/cpc
T00803,P0439,2026-06-17,,
T00804,P0258,2026-06-26,,promo_x
T00805,P0321,2026-06-15,,direct
T00806,P0025,2026-05-18,,newchannel_q3
T00807,P0033,2026-06-20,,li
T00808,P0276,2026-04-07,C021,google/cpc
T00809,P0430,2026-04-18,C022,linkedin/paid
T00810,P0217,2026-06-06,,promo_x
T00811,P0478,2026-06-13,C004,webinar
T00812,P0428,2026-06-27,,google / organic
T00813,P0372,2026-07-02,,newchannel_q3
T00814,P0334,2026-06-18,,google / organic
T00815,P0141,2026-05-24,C018,meta_paid
T00816,P0065,2026-04-10,C020,webinar
T00817,P0071,2026-04-09,C007,email
T00818,P0104,2026-05-29,,organic-linkedin
T00819,P0374,2026-06-30,C022,fb/cpc
T00820,P0367,2026-04-15,C025,bing/cpc
T00821,P0400,2026-06-26,C018,facebook/paid
T00822,P0110,2026-04-07,,n/a
T00823,P0179,2026-06-29,C010,linkedin/paid
T00824,P0040,2026-05-15,C018,linkedin/paid
T00825,P0421,2026-06-30,C011,eml
T00826,P0031,2026-05-25,C018,facebook/paid
T00827,P0252,2026-05-19,C022,linkedin/paid
T00828,P0041,2026-06-26,C005,bing/cpc
T00829,P0425,2026-06-01,,referral
T00830,P0410,2026-06-30,C002,facebook/paid
T00831,P0318,2026-05-02,C024,webinar
T00832,P0513,2026-05-28,C020,webinar
T00833,P0008,2026-05-10,C019,email-nurture
T00834,P0070,2026-05-23,C006,facebook/paid
T00835,P0429,2026-06-10,C019,email
T00836,P0098,2026-05-09,C001,adwords
T00837,P0329,2026-05-15,C017,google/cpc
T00838,P0260,2026-06-26,C010,li_paid
T00839,P0263,2026-05-27,C015,email
T00840,P0285,2026-05-13,,google / organic
T00841,P0355,2026-04-26,C028,webinar
T00842,P0415,2026-06-22,C018,paid_social_li
T00843,P0051,2026-06-08,,google / organic
T00844,P0045,2026-04-13,C020,webinar
T00845,P0062,2026-04-16,C023,email
T00846,P0180,2026-05-03,,
T00847,P0214,2026-05-27,C005,bing/cpc
T00848,P0442,2026-04-20,C023,eml
T00849,P0030,2026-07-05,C005,bing/cpc
T00850,P0430,2026-06-21,C026,facebook/paid
T00851,P0462,2026-06-10,C011,email-nurture
T00852,P0473,2026-05-30,C004,webinar
T00853,P0457,2026-04-24,,google / organic
T00854,P0010,2026-04-15,C026,meta_paid
T00855,P0301,2026-05-24,,partner_acme
T00856,P0232,2026-06-02,C022,linkedin/paid
T00857,P0324,2026-05-15,C026,linkedin/paid
T00858,P0047,2026-05-31,,n/a
T00859,P0234,2026-04-23,C030,fb-ads
T00860,P0213,2026-04-12,C029,bing/cpc
T00861,P0069,2026-04-11,C007,email-nurture
T00862,P0003,2026-05-06,,google / organic
T00863,P0453,2026-05-09,,referral
T00864,P0423,2026-04-08,,google / organic
T00865,P0226,2026-05-17,C027,eml
T00866,P0506,2026-06-23,C009,google/cpc
T00867,P0034,2026-05-05,C020,webinar
T00868,P0445,2026-04-20,C026,facebook/paid
T00869,P0037,2026-06-22,,direct
T00870,P0035,2026-05-11,C002,li_paid
T00871,P0044,2026-04-22,C030,LinkedIn Paid
T00872,P0069,2026-06-13,C014,linkedin/paid
T00873,P0081,2026-04-19,C001,google/cpc
T00874,P0439,2026-07-03,C010,fb-ads
T00875,P0306,2026-06-12,,direct
T00876,P0031,2026-06-05,,direct
T00877,P0037,2026-06-21,C010,LinkedIn Paid
T00878,P0412,2026-04-11,C018,linkedin-sponsored
T00879,P0278,2026-05-15,,google / organic
T00880,P0480,2026-06-11,C009,bing/cpc
T00881,P0431,2026-06-02,,
T00882,P0027,2026-04-08,C025,google_cpc
T00883,P0449,2026-04-28,C027,email
T00884,P0371,2026-04-27,C006,LinkedIn Paid
T00885,P0239,2026-05-16,,direct
T00886,P0401,2026-06-24,C025,bing/cpc
T00887,P0417,2026-04-24,,null
T00888,P0276,2026-04-25,,n/a
T00889,P0206,2026-04-30,,partner_acme
T00890,P0390,2026-05-31,C022,facebook/paid
T00891,P0334,2026-04-26,C016,webinar
T00892,P0027,2026-07-02,C007,email
T00893,P0189,2026-06-27,,google / organic
T00894,P0491,2026-04-10,C007,email
T00895,P0502,2026-05-17,C010,fb-ads
T00896,P0350,2026-06-07,C018,paid_social_li
T00897,P0156,2026-07-01,C006,facebook/paid
T00898,P0092,2026-06-15,,google / organic
T00899,P0461,2026-05-21,C011,email
T00900,P0451,2026-05-08,C022,meta_paid
T00901,P0379,2026-06-18,C001,adwords
T00902,P0090,2026-06-19,C021,bing/cpc
T00903,P0358,2026-06-13,,referral
T00904,P0064,2026-05-28,,google / organic
T00905,P0183,2026-06-23,,google / organic
T00906,P0400,2026-04-28,,referral
T00907,P0440,2026-04-17,,direct
T00908,P0133,2026-04-16,C015,email
T00909,P0126,2026-06-11,C002,LinkedIn Paid
T00910,P0275,2026-05-04,C006,facebook/paid
T00911,P0285,2026-05-25,,direct
T00912,P0397,2026-05-24,C021,bing/cpc
T00913,P0258,2026-04-22,C022,fb-ads
T00914,P0336,2026-06-14,C029,bing/cpc
T00915,P0063,2026-04-10,,referral
T00916,P0227,2026-05-11,,google / organic
T00917,P0278,2026-07-04,C029,bing/cpc
T00918,P0129,2026-05-02,C001,bing/cpc
T00919,P0389,2026-04-08,C001,bing/cpc
T00920,P0103,2026-05-17,,direct
T00921,P0050,2026-06-29,,google / organic
T00922,P0056,2026-05-25,,referral
T00923,P0035,2026-05-20,C021,bing/cpc
T00924,P0497,2026-04-09,,direct
T00925,P0113,2026-05-03,C014,facebook/paid
T00926,P0007,2026-05-17,,direct
T00927,P0264,2026-04-25,C008,webinar
T00928,P0001,2026-04-25,C004,webinar
T00929,P0008,2026-04-18,,referral
T00930,P0141,2026-05-08,C023,email
T00931,P0063,2026-06-26,,n/a
T00932,P0404,2026-05-15,C014,fb-ads
T00933,P0459,2026-05-29,,direct
T00934,P0424,2026-06-27,C011,email
T00935,P0295,2026-05-13,C015,email
T00936,P0467,2026-06-29,,newchannel_q3
T00937,P0474,2026-05-19,,
T00938,P0337,2026-07-04,,referral
T00939,P0276,2026-06-27,C030,LinkedIn Paid
T00940,P0383,2026-04-13,C029,bing/cpc
T00941,P0156,2026-05-15,,referral
T00942,P0252,2026-07-05,,referral
T00943,P0042,2026-05-01,C007,email
T00944,P0189,2026-05-09,C004,webinar
T00945,P0264,2026-05-24,,social
T00946,P0089,2026-05-29,C022,facebook/paid
T00947,P0379,2026-05-05,C001,google/cpc
T00948,P0190,2026-04-24,C003,email
T00949,P0027,2026-05-08,C002,linkedin/paid
T00950,P0258,2026-06-06,C008,webinar
T00951,P0300,2026-05-29,,google / organic
T00952,P0099,2026-05-21,,null
T00953,P0511,2026-04-07,,organic-linkedin
T00954,P0517,2026-06-26,,referral
T00955,P0066,2026-04-19,,social
T00956,P0508,2026-05-12,,n/a
T00957,P0461,2026-05-22,C027,email
T00958,P0418,2026-05-20,C004,webinar
T00959,P0334,2026-06-21,C026,linkedin/paid
T00960,P0145,2026-05-21,C029,google/cpc
T00961,P0036,2026-06-12,C023,eml
T00962,P0074,2026-06-14,,direct
T00963,P0481,2026-04-19,C006,linkedin-sponsored
T00964,P0200,2026-06-13,C019,eml
T00965,P0304,2026-06-28,,google / organic
T00966,P0357,2026-05-25,C027,email
T00967,P0397,2026-06-08,C026,fb-ads
T00968,P0246,2026-06-11,C002,facebook/paid
T00969,P0477,2026-06-02,C021,google/cpc
T00970,P0012,2026-07-01,,direct
T00971,P0332,2026-06-21,C029,google/cpc
T00972,P0353,2026-06-26,C018,meta_paid
T00973,P0108,2026-06-15,,direct
T00974,P0210,2026-06-30,C002,linkedin/paid
T00975,P0142,2026-06-20,C019,email-nurture
T00976,P0460,2026-05-29,,referral
T00977,P0130,2026-06-27,C025,adwords
T00978,P0344,2026-05-14,C002,facebook/paid
T00979,P0318,2026-04-19,C027,eml
T00980,P0093,2026-05-18,C026,li_paid
T00981,P0155,2026-05-19,C009,bing/cpc
T00982,P0079,2026-05-20,,promo_x
T00983,P0364,2026-05-01,C003,email
T00984,P0025,2026-04-18,C020,webinar
T00985,P0062,2026-06-21,,google / organic
T00986,P0479,2026-05-01,C018,facebook/paid
T00987,P0114,2026-06-01,,google / organic
T00988,P0042,2026-04-09,C024,webinar
T00989,P0334,2026-04-26,C007,email
T00990,P0173,2026-06-17,C018,fb-ads
T00991,P0198,2026-05-30,C017,bing/cpc
T00992,P0259,2026-05-30,C018,linkedin/paid
T00993,P0179,2026-06-20,,referral
T00994,P0046,2026-06-24,C010,LinkedIn Paid
T00995,P0266,2026-05-08,,direct
T00996,P0323,2026-06-28,,google / organic
T00997,P0370,2026-04-17,C008,webinar
T00998,P0405,2026-04-13,C010,fb/cpc
T00999,P0156,2026-05-19,C001,google/cpc
T01000,P0040,2026-04-22,C007,email-nurture
T01001,P0120,2026-05-16,C025,google/cpc
T01002,P0193,2026-04-24,,direct
T01003,P0441,2026-04-14,,referral
T01004,P0458,2026-06-11,,google / organic
T01005,P0445,2026-04-23,,referral
T01006,P0104,2026-05-14,,direct
T01007,P0083,2026-05-05,,google / organic
T01008,P0156,2026-06-06,,referral
T01009,P0431,2026-06-09,C013,bing/cpc
T01010,P0239,2026-05-19,C006,facebook/paid
T01011,P0066,2026-06-01,,google / organic
T01012,P0311,2026-04-22,C013,google/cpc
T01013,P0077,2026-06-26,C010,linkedin/paid
T01014,P0450,2026-06-15,,google / organic
T01015,P0091,2026-04-23,,referral
T01016,P0208,2026-04-14,C019,eml
T01017,P0027,2026-04-17,C012,webinar
T01018,P0449,2026-06-13,C022,facebook/paid
T01019,P0513,2026-06-06,,partner_acme
T01020,P0370,2026-06-27,C009,bing/cpc
T01021,P0115,2026-04-06,,direct
T01022,P0213,2026-06-26,C027,email
T01023,P0470,2026-06-26,,direct
T01024,P0421,2026-06-03,C002,facebook/paid
T01025,P0014,2026-06-17,C029,bing/cpc
T01026,P0305,2026-07-03,,organic-linkedin
T01027,P0209,2026-05-09,C022,meta_paid
T01028,P0034,2026-06-27,C001,bing/cpc
T01029,P0329,2026-06-06,,referral
T01030,P0216,2026-04-10,C001,google_cpc
T01031,P0080,2026-05-17,,direct
T01032,P0325,2026-04-09,C030,linkedin/paid
T01033,P0256,2026-04-24,C030,linkedin/paid
T01034,P0486,2026-07-02,C021,google/cpc
T01035,P0393,2026-05-27,,referral
T01036,P0101,2026-05-14,,direct
T01037,P0397,2026-06-06,,referral
T01038,P0109,2026-04-25,C006,meta_paid
T01039,P0137,2026-06-05,C027,email
T01040,P0455,2026-06-01,C009,google/cpc
T01041,P0081,2026-05-01,C006,linkedin-sponsored
T01042,P0349,2026-06-26,,direct
T01043,P0020,2026-06-05,C023,eml
T01044,P0394,2026-04-23,C026,linkedin-sponsored
T01045,P0191,2026-07-05,C009,google/cpc
T01046,P0369,2026-06-22,C009,g/cpc
T01047,P0028,2026-05-10,C024,webinar
T01048,P0441,2026-06-03,,referral
T01049,P0248,2026-04-27,C026,linkedin/paid
T01050,P0143,2026-05-31,C021,g/cpc
T01051,P0226,2026-05-05,,li
T01052,P0485,2026-06-06,C001,google_cpc
T01053,P0235,2026-06-05,,referral
T01054,P0002,2026-04-12,C026,meta_paid
T01055,P0125,2026-05-15,,
T01056,P0299,2026-04-27,C020,webinar
T01057,P0154,2026-06-06,C010,fb-ads
T01058,P0436,2026-06-06,C029,google/cpc
T01059,P0221,2026-06-05,C030,linkedin/paid
T01060,P0435,2026-04-21,,google / organic
T01061,P0138,2026-06-21,,google / organic
T01062,P0036,2026-04-08,C026,linkedin-sponsored
T01063,P0126,2026-04-20,C028,webinar
T01064,P0313,2026-05-01,C007,eml
T01065,P0224,2026-06-28,,li
T01066,P0391,2026-06-11,,referral
T01067,P0293,2026-05-22,C028,webinar
T01068,P0012,2026-05-12,,direct
T01069,P0221,2026-04-22,,direct
T01070,P0119,2026-04-23,,partner_acme
T01071,P0520,2026-04-24,,direct
T01072,P0126,2026-05-31,C010,facebook/paid
T01073,P0345,2026-05-03,,referral
T01074,P0491,2026-06-09,,referral
T01075,P0454,2026-04-28,,google / organic
T01076,P0211,2026-05-19,C001,google/cpc
T01077,P0163,2026-05-21,,partner_acme
T01078,P0272,2026-06-26,C024,webinar
T01079,P0451,2026-05-09,,li
T01080,P0225,2026-05-14,C019,email
T01081,P0226,2026-06-05,C021,bing/cpc
T01082,P0249,2026-07-02,C010,facebook/paid
T01083,P0087,2026-04-29,C019,email
T01084,P0141,2026-05-22,C014,paid_social_li
T01085,P0192,2026-06-20,C018,facebook/paid
T01086,P0079,2026-04-26,C018,li_paid
T01087,P0138,2026-04-11,C022,linkedin/paid
T01088,P0448,2026-04-30,,referral
T01089,P0297,2026-05-07,C018,fb-ads
T01090,P0469,2026-05-06,C006,linkedin/paid
T01091,P0043,2026-05-03,C029,google/cpc
T01092,P0245,2026-06-12,C022,LinkedIn Paid
T01093,P0478,2026-04-14,,direct
T01094,P0357,2026-04-17,,li
T01095,P0489,2026-06-21,C002,facebook/paid
T01096,P0219,2026-07-02,C005,bing/cpc
T01097,P0134,2026-05-17,C022,linkedin/paid
T01098,P0257,2026-06-05,C013,google/cpc
T01099,P0163,2026-05-16,C012,webinar
T01100,P0385,2026-07-05,C007,email
T01101,P0099,2026-06-20,,social
T01102,P0133,2026-06-15,,direct
T01103,P0215,2026-06-19,C013,bing/cpc
T01104,P0504,2026-04-06,,google / organic
T01105,P0372,2026-04-23,C018,facebook/paid
T01106,P0501,2026-05-18,C018,facebook/paid
T01107,P0508,2026-06-11,,google / organic
T01108,P0165,2026-06-22,,google / organic
T01109,P0471,2026-06-18,C029,bing/cpc
T01110,P0435,2026-05-16,C010,linkedin/paid
T01111,P0336,2026-05-26,,google / organic
T01112,P0230,2026-05-17,C014,fb/cpc
T01113,P0439,2026-05-28,C023,email
T01114,P0078,2026-05-10,C026,facebook/paid
T01115,P0441,2026-04-11,C027,email
T01116,P0043,2026-06-05,C026,fb/cpc
T01117,P0314,2026-06-26,,google / organic
T01118,P0231,2026-05-18,C025,google/cpc
T01119,P0147,2026-05-28,C030,facebook/paid
T01120,P0112,2026-04-23,C009,bing/cpc
T01121,P0049,2026-05-18,,partner_acme
T01122,P0266,2026-05-25,C005,bing/cpc
T01123,P0350,2026-06-01,,referral
T01124,P0101,2026-04-21,C026,fb/cpc
T01125,P0296,2026-06-26,C016,webinar
T01126,P0513,2026-06-14,C003,email
T01127,P0145,2026-05-28,C020,webinar
T01128,P0178,2026-07-05,C013,bing/cpc
T01129,P0155,2026-05-26,C008,webinar
T01130,P0360,2026-06-06,,li_organic
T01131,P0359,2026-06-05,,social
T01132,P0429,2026-04-16,,direct
T01133,P0505,2026-04-14,C018,linkedin/paid
T01134,P0477,2026-05-21,C024,webinar
T01135,P0512,2026-06-19,,li_organic
T01136,P0266,2026-07-01,C022,facebook/paid
T01137,P0102,2026-06-23,C029,google/cpc
T01138,P0151,2026-04-16,C006,facebook/paid
T01139,P0369,2026-06-25,C001,bing/cpc
T01140,P0511,2026-04-16,C002,linkedin-sponsored
T01141,P0232,2026-06-16,,google / organic
T01142,P0427,2026-07-01,,direct
T01143,P0282,2026-06-28,,promo_x
T01144,P0146,2026-06-11,,google / organic
T01145,P0209,2026-06-29,,n/a
T01146,P0509,2026-06-20,,organic-linkedin
T01147,P0148,2026-04-24,,li
T01148,P0397,2026-05-20,C002,linkedin/paid
T01149,P0044,2026-04-25,C014,facebook/paid
T01150,P0240,2026-04-07,C010,linkedin/paid
T01151,P0421,2026-06-27,,direct
T01152,P0486,2026-06-30,C010,facebook/paid
T01153,P0363,2026-04-21,C025,bing/cpc
T01154,P0517,2026-04-26,C030,li_paid
T01155,P0351,2026-05-10,C017,google/cpc
T01156,P0059,2026-06-12,C016,webinar
T01157,P0032,2026-04-19,,
T01158,P0388,2026-05-21,C009,google/cpc
T01159,P0046,2026-06-14,,google / organic
T01160,P0176,2026-04-22,C018,facebook/paid
T01161,P0409,2026-05-24,,direct
T01162,P0169,2026-04-14,,google / organic
T01163,P0126,2026-05-07,,partner_acme
T01164,P0329,2026-04-29,C022,linkedin/paid
T01165,P0015,2026-04-30,C005,adwords
T01166,P0142,2026-04-13,C012,webinar
T01167,P0206,2026-04-13,C009,google/cpc
T01168,P0078,2026-06-01,C017,bing/cpc
T01169,P0054,2026-04-14,C010,fb/cpc
T01170,P0416,2026-05-24,,direct
T01171,P0317,2026-06-14,C014,linkedin/paid
T01172,P0113,2026-04-28,C017,google/cpc
T01173,P0514,2026-05-12,,null
T01174,P0175,2026-05-23,C003,email-nurture
T01175,P0179,2026-05-23,C003,email
T01176,P0049,2026-06-24,,referral
T01177,P0307,2026-05-06,C005,g/cpc
T01178,P0332,2026-06-24,,google / organic
T01179,P0249,2026-04-08,C002,fb-ads
T01180,P0139,2026-05-05,C027,eml
T01181,P0511,2026-06-05,,referral
T01182,P0140,2026-05-10,,organic-linkedin
T01183,P0330,2026-05-07,,google / organic
T01184,P0469,2026-05-06,C001,google_cpc
T01185,P0491,2026-06-29,C006,meta_paid
T01186,P0201,2026-04-28,,referral
T01187,P0330,2026-05-11,C006,facebook/paid
T01188,P0176,2026-04-25,,google / organic
T01189,P0194,2026-04-09,C005,bing/cpc
T01190,P0478,2026-05-15,C030,fb-ads
T01191,P0258,2026-05-09,C003,email
T01192,P0342,2026-04-09,C001,bing/cpc
T01193,P0059,2026-06-28,C007,email
T01194,P0094,2026-05-15,C009,google_cpc
T01195,P0088,2026-06-20,,referral
T01196,P0182,2026-06-04,C006,linkedin-sponsored
T01197,P0076,2026-04-30,,newchannel_q3
T01198,P0119,2026-04-29,,referral
T01199,P0198,2026-06-15,C022,facebook/paid
T01200,P0127,2026-05-18,,referral
T01201,P0131,2026-04-24,C013,google/cpc
T01202,P0256,2026-06-03,,referral
T01203,P0214,2026-04-20,,direct
T01204,P0317,2026-06-03,C030,facebook/paid
T01205,P0026,2026-05-27,C015,eml
T01206,P0472,2026-04-25,C023,email-nurture
T01207,P0153,2026-06-10,C011,email
T01208,P0212,2026-05-21,,referral
T01209,P0117,2026-05-12,C021,bing/cpc
T01210,P0249,2026-04-20,,li
T01211,P0051,2026-05-18,,google / organic
T01212,P0067,2026-05-21,C030,linkedin-sponsored
T01213,P0052,2026-06-25,C004,webinar
T01214,P0331,2026-05-16,C022,linkedin/paid
T01215,P0026,2026-06-13,C009,google/cpc
T01216,P0291,2026-05-03,C009,bing/cpc
T01217,P0324,2026-06-03,,google / organic
T01218,P0166,2026-04-12,,
T01219,P0111,2026-04-23,C009,bing/cpc
T01220,P0452,2026-06-22,,google / organic
T01221,P0405,2026-06-25,,referral
T01222,P0364,2026-06-06,C025,bing/cpc
T01223,P0056,2026-05-09,,referral
T01224,P0005,2026-04-26,C030,meta_paid
T01225,P0007,2026-06-26,C004,webinar
T01226,P0463,2026-04-09,C005,bing/cpc
T01227,P0072,2026-06-18,,referral
T01228,P0227,2026-04-14,,null
T01229,P0347,2026-05-03,C007,email
T01230,P0271,2026-06-29,C020,webinar
T01231,P0458,2026-07-02,C002,linkedin/paid
T01232,P0288,2026-05-08,C006,facebook/paid
T01233,P0003,2026-06-22,C026,LinkedIn Paid
T01234,P0374,2026-05-29,C023,email
T01235,P0266,2026-04-21,,null
T01236,P0281,2026-04-20,,partner_acme
T01237,P0328,2026-05-28,C013,google/cpc
T01238,P0217,2026-04-25,C030,linkedin/paid
T01239,P0488,2026-06-16,C022,linkedin/paid
T01240,P0079,2026-06-21,C028,webinar
T01241,P0132,2026-06-06,C026,li_paid
T01242,P0115,2026-05-14,C013,g/cpc
T01243,P0356,2026-04-12,C021,google_cpc
T01244,P0464,2026-05-15,,referral
T01245,P0484,2026-07-01,C027,email-nurture
T01246,P0289,2026-05-09,C007,email
T01247,P0369,2026-04-11,C022,linkedin/paid
T01248,P0403,2026-06-08,,google / organic
T01249,P0461,2026-05-02,C009,bing/cpc
T01250,P0463,2026-05-16,C023,email
T01251,P0062,2026-05-16,C015,eml
T01252,P0242,2026-05-20,C010,fb/cpc
T01253,P0292,2026-05-07,C029,adwords
T01254,P0093,2026-07-02,,referral
T01255,P0512,2026-05-07,,newchannel_q3
T01256,P0144,2026-07-02,,direct
T01257,P0243,2026-05-21,C023,email
T01258,P0229,2026-06-25,,google / organic
T01259,P0389,2026-06-14,,google / organic
T01260,P0450,2026-06-26,C026,linkedin/paid
T01261,P0341,2026-04-08,C017,adwords
T01262,P0271,2026-05-07,,direct
T01263,P0192,2026-05-30,,partner_acme
T01264,P0280,2026-06-25,,google / organic
T01265,P0069,2026-07-05,,promo_x
T01266,P0518,2026-06-30,C017,google/cpc
T01267,P0263,2026-05-07,,organic-linkedin
T01268,P0241,2026-04-11,C017,google/cpc
T01269,P0059,2026-04-17,C018,facebook/paid
T01270,P0322,2026-04-13,,referral
T01271,P0289,2026-05-13,C027,email
T01272,P0060,2026-05-17,C007,email-nurture
T01273,P0054,2026-04-21,C030,linkedin/paid
T01274,P0148,2026-05-07,,referral
T01275,P0218,2026-04-20,C013,bing/cpc
T01276,P0297,2026-06-10,C027,email
T01277,P0352,2026-05-28,,referral
T01278,P0475,2026-04-11,C005,bing/cpc
T01279,P0453,2026-05-03,C014,facebook/paid
T01280,P0052,2026-06-20,C005,google/cpc
T01281,P0091,2026-05-02,,referral
T01282,P0460,2026-05-03,C010,linkedin/paid
T01283,P0098,2026-04-24,C015,email
T01284,P0458,2026-05-01,,direct
T01285,P0128,2026-06-04,C009,bing/cpc
T01286,P0002,2026-05-06,C003,email
T01287,P0334,2026-05-26,,direct
T01288,P0137,2026-06-23,C006,linkedin/paid
T01289,P0081,2026-05-14,C018,linkedin-sponsored
T01290,P0347,2026-05-09,C004,webinar
T01291,P0112,2026-04-09,C008,webinar
T01292,P0040,2026-05-26,,direct
T01293,P0174,2026-05-16,C026,facebook/paid
T01294,P0378,2026-06-28,,referral
T01295,P0008,2026-06-14,C026,meta_paid
T01296,P0411,2026-05-12,,direct
T01297,P0282,2026-05-30,C009,bing/cpc
T01298,P0335,2026-05-04,C026,meta_paid
T01299,P0125,2026-07-03,C006,linkedin/paid
T01300,P0093,2026-04-06,C029,google/cpc
T01301,P0188,2026-05-17,C009,bing/cpc
T01302,P0516,2026-04-28,C006,fb-ads
T01303,P0081,2026-04-08,C021,google/cpc
T01304,P0357,2026-06-28,,direct
T01305,P0256,2026-05-28,,direct
T01306,P0294,2026-04-19,C018,linkedin/paid
T01307,P0185,2026-05-07,C011,eml
T01308,P0474,2026-07-01,C007,email
T01309,P0512,2026-05-16,,google / organic
T01310,P0433,2026-05-29,,google / organic
T01311,P0243,2026-05-23,C008,webinar
T01312,P0015,2026-06-22,C019,email
T01313,P0169,2026-06-04,,organic-linkedin
T01314,P0248,2026-05-25,,referral
T01315,P0516,2026-05-10,C028,webinar
T01316,P0459,2026-06-08,C015,email
T01317,P0514,2026-05-01,C018,linkedin/paid
T01318,P0113,2026-05-30,C001,google_cpc
T01319,P0377,2026-05-05,C009,bing/cpc
T01320,P0263,2026-06-04,C004,webinar
T01321,P0027,2026-04-21,,google / organic
T01322,P0365,2026-05-10,C026,facebook/paid
T01323,P0076,2026-06-11,C009,bing/cpc
T01324,P0347,2026-05-05,,organic-linkedin
T01325,P0280,2026-05-17,C022,facebook/paid
T01326,P0322,2026-05-14,,direct
T01327,P0140,2026-04-10,,direct
T01328,P0051,2026-04-20,,promo_x
T01329,P0200,2026-06-08,C007,eml
T01330,P0501,2026-05-31,C014,li_paid
T01331,P0455,2026-06-27,C027,email
T01332,P0137,2026-06-29,C022,facebook/paid
T01333,P0014,2026-04-25,,direct
T01334,P0163,2026-06-05,,google / organic
T01335,P0059,2026-06-30,,google / organic
T01336,P0330,2026-05-21,,google / organic
T01337,P0388,2026-06-29,C026,linkedin-sponsored
T01338,P0074,2026-06-27,,google / organic
T01339,P0417,2026-05-02,C030,linkedin/paid
T01340,P0367,2026-05-01,C003,email
T01341,P0414,2026-04-27,C003,email
T01342,P0350,2026-05-10,C017,google/cpc
T01343,P0279,2026-05-18,C017,bing/cpc
T01344,P0495,2026-06-28,C002,fb-ads
T01345,P0176,2026-06-25,,newchannel_q3
T01346,P0494,2026-06-07,C010,linkedin/paid
T01347,P0275,2026-05-30,C019,email
T01348,P0126,2026-07-05,,null
T01349,P0332,2026-04-06,,google / organic
T01350,P0157,2026-06-16,C014,facebook/paid
T01351,P0161,2026-05-26,C027,eml
T01352,P0234,2026-05-16,,referral
T01353,P0205,2026-04-22,C019,email
T01354,P0452,2026-05-20,,referral
T01355,P0223,2026-05-09,,organic-linkedin
T01356,P0088,2026-05-15,C001,bing/cpc
T01357,P0080,2026-06-01,,google / organic
T01358,P0427,2026-04-12,,google / organic
T01359,P0492,2026-06-29,C021,google/cpc
T01360,P0445,2026-06-12,,referral
T01361,P0301,2026-06-10,C016,webinar
T01362,P0372,2026-04-09,,partner_acme
T01363,P0150,2026-06-21,C024,webinar
T01364,P0514,2026-04-14,C024,webinar
T01365,P0371,2026-04-06,,
T01366,P0138,2026-04-29,C005,google/cpc
T01367,P0267,2026-06-14,,referral
T01368,P0507,2026-06-03,C020,webinar
T01369,P0459,2026-06-16,,partner_acme
T01370,P0518,2026-05-24,,google / organic
T01371,P0403,2026-06-07,C025,bing/cpc
T01372,P0150,2026-05-17,C021,bing/cpc
T01373,P0191,2026-04-13,C027,email
T01374,P0383,2026-06-19,,social
T01375,P0485,2026-05-14,C010,facebook/paid
T01376,P0189,2026-05-22,,li
T01377,P0341,2026-04-18,C029,bing/cpc
T01378,P0173,2026-04-19,C025,google/cpc
T01379,P0281,2026-07-03,C027,email
T01380,P0425,2026-06-22,,newchannel_q3
T01381,P0045,2026-06-21,,partner_acme
T01382,P0414,2026-05-15,,partner_acme
T01383,P0386,2026-05-20,C018,facebook/paid
T01384,P0237,2026-04-12,,li_organic
T01385,P0021,2026-05-22,C001,bing/cpc
T01386,P0455,2026-06-17,C016,webinar
T01387,P0327,2026-04-09,C013,bing/cpc
T01388,P0333,2026-06-19,,li
T01389,P0338,2026-05-30,C018,fb/cpc
T01390,P0007,2026-04-14,,google / organic
T01391,P0266,2026-06-08,C008,webinar
T01392,P0132,2026-05-06,C029,bing/cpc
T01393,P0221,2026-05-27,C025,bing/cpc
T01394,P0428,2026-04-21,C006,linkedin/paid
T01395,P0194,2026-06-22,C026,linkedin/paid
T01396,P0015,2026-05-11,C022,linkedin/paid
T01397,P0106,2026-06-13,C008,webinar
T01398,P0091,2026-05-16,C002,facebook/paid
T01399,P0306,2026-06-26,,referral
T01400,P0435,2026-05-22,,google / organic
T01401,P0504,2026-06-20,C026,facebook/paid
T01402,P0136,2026-05-25,C001,bing/cpc
T01403,P0344,2026-04-20,,referral
T01404,P0304,2026-06-16,,direct
T01405,P0283,2026-05-17,C025,bing/cpc
T01406,P0158,2026-06-19,C029,google/cpc
T01407,P0285,2026-05-28,,referral
T01408,P0465,2026-06-22,C018,paid_social_li
T01409,P0175,2026-05-16,C003,email
T01410,P0406,2026-04-08,C006,linkedin/paid
T01411,P0233,2026-05-05,C024,webinar
T01412,P0405,2026-07-05,C021,g/cpc
T01413,P0200,2026-04-28,C024,webinar
T01414,P0451,2026-06-25,,direct
T01415,P0065,2026-05-12,,referral
T01416,P0373,2026-06-29,C009,g/cpc
T01417,P0349,2026-05-13,C018,li_paid
T01418,P0296,2026-04-19,C023,email
T01419,P0185,2026-04-16,C002,linkedin/paid
T01420,P0136,2026-06-12,C017,google/cpc
T01421,P0049,2026-04-24,C015,email
T01422,P0092,2026-04-16,,n/a
T01423,P0072,2026-04-11,,google / organic
T01424,P0500,2026-05-26,C025,google/cpc
T01425,P0472,2026-05-22,,direct
T01426,P0364,2026-05-23,C026,li_paid
T01427,P0174,2026-05-20,,referral
T01428,P0099,2026-05-16,C026,linkedin-sponsored
T01429,P0427,2026-04-06,,li_organic
T01430,P0059,2026-04-17,,google / organic
T01431,P0019,2026-06-25,C030,facebook/paid
T01432,P0373,2026-05-15,C004,webinar
T01433,P0092,2026-05-10,,null
T01434,P0452,2026-06-22,C022,fb-ads
T01435,P0154,2026-06-16,C002,facebook/paid
T01436,P0145,2026-05-21,,direct
T01437,P0198,2026-04-16,C019,email
T01438,P0367,2026-06-26,C007,email
T01439,P0353,2026-05-26,C002,linkedin/paid
T01440,P0251,2026-07-05,C009,google_cpc
T01441,P0229,2026-04-17,C022,linkedin/paid
T01442,P0223,2026-05-02,,direct
T01443,P0171,2026-06-26,C010,linkedin-sponsored
T01444,P0458,2026-04-10,C022,linkedin/paid
T01445,P0472,2026-05-24,C006,facebook/paid
T01446,P0090,2026-06-06,C017,bing/cpc
T01447,P0275,2026-06-25,C023,email
T01448,P0419,2026-05-25,,promo_x
T01449,P0403,2026-04-26,,promo_x
T01450,P0014,2026-05-20,C006,facebook/paid
T01451,P0399,2026-06-21,,promo_x
T01452,P0192,2026-05-30,C009,bing/cpc
T01453,P0164,2026-06-16,C002,fb/cpc
T01454,P0482,2026-06-16,C029,bing/cpc
T01455,P0331,2026-07-03,C013,google/cpc
T01456,P0197,2026-06-29,C009,google/cpc
T01457,P0046,2026-06-10,,social
T01458,P0116,2026-05-07,C021,google/cpc
T01459,P0371,2026-05-22,C014,linkedin/paid
T01460,P0190,2026-06-17,,google / organic
T01461,P0094,2026-04-22,C026,facebook/paid
T01462,P0038,2026-06-11,C006,linkedin/paid
T01463,P0039,2026-05-28,C012,webinar
T01464,P0139,2026-04-18,C010,facebook/paid
T01465,P0001,2026-04-24,C022,linkedin-sponsored
T01466,P0516,2026-06-04,C018,paid_social_li
T01467,P0356,2026-05-04,C002,linkedin/paid
T01468,P0312,2026-05-25,,n/a
T01469,P0420,2026-05-27,C030,facebook/paid
T01470,P0347,2026-05-17,,direct
T01471,P0246,2026-05-03,C015,eml
T01472,P0480,2026-04-27,,social
T01473,P0073,2026-04-09,,google / organic
T01474,P0016,2026-06-29,C018,facebook/paid
T01475,P0469,2026-05-21,C026,LinkedIn Paid
T01476,P0044,2026-05-03,,referral
T01477,P0070,2026-05-30,,direct
T01478,P0347,2026-06-07,,li_organic
T01479,P0415,2026-05-01,C029,bing/cpc
T01480,P0169,2026-04-17,,google / organic
T01481,P0399,2026-06-30,C005,google/cpc
T01482,P0256,2026-07-04,C027,email
T01483,P0408,2026-05-17,C008,webinar
T01484,P0153,2026-05-28,,google / organic
T01485,P0045,2026-06-12,C006,linkedin/paid
T01486,P0504,2026-04-21,C010,LinkedIn Paid
T01487,P0021,2026-04-14,,referral
T01488,P0407,2026-06-20,,direct
T01489,P0161,2026-06-12,C029,bing/cpc
T01490,P0250,2026-06-12,C008,webinar
T01491,P0067,2026-05-28,C019,eml
T01492,P0385,2026-05-09,C010,li_paid
T01493,P0506,2026-04-14,C005,bing/cpc
T01494,P0357,2026-05-28,,social
T01495,P0486,2026-05-26,C007,email
T01496,P0136,2026-05-21,,organic-linkedin
T01497,P0082,2026-04-22,C011,email
T01498,P0421,2026-05-03,C030,paid_social_li
T01499,P0272,2026-04-21,C005,adwords
T01500,P0384,2026-06-26,C006,meta_paid
T01501,P0095,2026-04-29,C013,g/cpc
T01502,P0459,2026-06-15,C007,eml
T01503,P0041,2026-05-15,C025,google/cpc
T01504,P0069,2026-04-24,C025,bing/cpc
T01505,P0231,2026-05-06,C003,email
T01506,P0292,2026-06-02,C026,linkedin/paid
T01507,P0495,2026-04-20,C026,linkedin/paid
T01508,P0296,2026-05-11,C024,webinar
T01509,P0181,2026-07-02,,null
T01510,P0121,2026-05-01,,null
T01511,P0062,2026-06-15,C001,google/cpc
T01512,P0470,2026-05-07,,n/a
T01513,P0438,2026-06-12,C030,fb/cpc
T01514,P0153,2026-05-29,,referral
T01515,P0470,2026-06-22,C009,bing/cpc
T01516,P0406,2026-06-30,,referral
T01517,P0353,2026-06-08,C009,google_cpc
T01518,P0382,2026-05-24,C026,linkedin-sponsored
T01519,P0373,2026-06-01,,direct
T01520,P0467,2026-06-09,C016,webinar
T01521,P0082,2026-06-25,,google / organic
T01522,P0434,2026-06-04,C004,webinar
T01523,P0211,2026-05-19,,google / organic
T01524,P0271,2026-06-08,C004,webinar
T01525,P0427,2026-04-28,C026,linkedin/paid
T01526,P0024,2026-05-26,C001,google/cpc
T01527,P0326,2026-05-13,,direct
T01528,P0323,2026-06-11,,referral
T01529,P0225,2026-06-19,,direct
T01530,P0346,2026-04-28,C008,webinar
T01531,P0130,2026-04-08,C018,meta_paid
T01532,P0380,2026-04-21,C011,eml
T01533,P0065,2026-05-06,C027,email
T01534,P0006,2026-04-24,C023,eml
T01535,P0244,2026-06-21,C021,google/cpc
T01536,P0120,2026-04-30,,google / organic
T01537,P0136,2026-04-07,,referral
T01538,P0520,2026-06-27,C006,meta_paid
T01539,P0396,2026-06-10,C002,linkedin/paid
T01540,P0062,2026-05-31,C028,webinar
T01541,P0077,2026-05-27,C002,linkedin/paid
T01542,P0030,2026-05-05,C025,g/cpc
T01543,P0034,2026-04-14,,partner_acme
T01544,P0463,2026-05-09,C021,bing/cpc
T01545,P0229,2026-06-25,C022,fb/cpc
T01546,P0508,2026-06-27,C008,webinar
T01547,P0344,2026-06-04,C002,linkedin/paid
T01548,P0135,2026-06-29,C006,fb-ads
T01549,P0264,2026-05-16,C021,google_cpc
T01550,P0399,2026-05-22,C022,fb/cpc
T01551,P0204,2026-04-29,,google / organic
T01552,P0061,2026-04-23,C024,webinar
T01553,P0480,2026-04-08,C007,email
T01554,P0156,2026-05-03,C027,email
T01555,P0127,2026-05-03,C021,bing/cpc
T01556,P0165,2026-06-12,C001,google/cpc
T01557,P0152,2026-05-03,,google / organic
T01558,P0160,2026-05-28,,partner_acme
T01559,P0393,2026-04-09,C014,linkedin-sponsored
T01560,P0120,2026-07-05,C014,facebook/paid
T01561,P0088,2026-06-14,,
T01562,P0001,2026-04-27,C028,webinar
T01563,P0518,2026-05-07,,direct
T01564,P0467,2026-06-11,,promo_x
T01565,P0328,2026-05-25,C027,email-nurture
T01566,P0287,2026-04-27,C020,webinar
T01567,P0054,2026-04-16,,google / organic
T01568,P0055,2026-04-16,C022,LinkedIn Paid
T01569,P0422,2026-05-04,C005,google/cpc
T01570,P0069,2026-05-23,C009,google/cpc
T01571,P0095,2026-06-29,C006,facebook/paid
T01572,P0392,2026-05-11,C029,bing/cpc
T01573,P0274,2026-07-03,C005,google/cpc
T01574,P0146,2026-07-04,,direct
T01575,P0420,2026-04-10,C018,linkedin/paid
T01576,P0054,2026-06-16,C006,paid_social_li
T01577,P0011,2026-06-21,C022,linkedin-sponsored
T01578,P0038,2026-06-11,,n/a
T01579,P0441,2026-06-07,C014,facebook/paid
T01580,P0360,2026-06-27,,referral
T01581,P0177,2026-04-27,,google / organic
T01582,P0023,2026-06-29,C014,linkedin-sponsored
T01583,P0315,2026-06-16,C002,facebook/paid
T01584,P0466,2026-04-18,C005,google/cpc
T01585,P0081,2026-06-02,,referral
T01586,P0449,2026-07-04,,google / organic
T01587,P0463,2026-05-20,C030,facebook/paid
T01588,P0327,2026-04-29,,partner_acme
T01589,P0210,2026-07-02,,direct
T01590,P0345,2026-06-16,,google / organic
T01591,P0388,2026-06-13,,li_organic
T01592,P0290,2026-04-06,,partner_acme
T01593,P0417,2026-06-10,C010,facebook/paid
T01594,P0490,2026-04-20,,referral
T01595,P0467,2026-05-30,C014,LinkedIn Paid
T01596,P0330,2026-06-29,C027,email
T01597,P0342,2026-05-17,C026,LinkedIn Paid
T01598,P0291,2026-04-23,,direct
T01599,P0205,2026-06-19,C001,adwords
T01600,P0084,2026-06-19,C021,bing/cpc
T01601,P0175,2026-06-03,,google / organic
T01602,P0455,2026-04-21,C001,google/cpc
T01603,P0491,2026-07-05,C008,webinar
T01604,P0038,2026-06-21,C006,facebook/paid
T01605,P0065,2026-06-27,C023,email
T01606,P0464,2026-07-05,,direct
T01607,P0107,2026-05-28,,direct
T01608,P0319,2026-05-14,,
T01609,P0254,2026-05-24,C028,webinar
T01610,P0209,2026-06-08,C009,google/cpc
T01611,P0079,2026-04-16,C013,g/cpc
T01612,P0099,2026-07-04,,newchannel_q3
T01613,P0060,2026-04-08,C018,facebook/paid
T01614,P0367,2026-04-23,C004,webinar
T01615,P0071,2026-06-26,C017,google/cpc
T01616,P0138,2026-05-03,C006,linkedin/paid
T01617,P0218,2026-05-11,C024,webinar
T01618,P0302,2026-04-15,C005,g/cpc
T01619,P0408,2026-04-13,,direct
T01620,P0443,2026-06-19,,direct
T01621,P0512,2026-06-19,C018,linkedin/paid
T01622,P0163,2026-05-04,C013,google/cpc
T01623,P0177,2026-07-03,C030,paid_social_li
T01624,P0147,2026-07-02,,google / organic
T01625,P0023,2026-06-06,C011,email-nurture
T01626,P0132,2026-06-15,,google / organic
T01627,P0478,2026-05-05,C017,bing/cpc
T01628,P0127,2026-05-11,C018,linkedin/paid
T01629,P0194,2026-04-23,,newchannel_q3
T01630,P0430,2026-04-27,C013,google/cpc
T01631,P0272,2026-04-23,,partner_acme
T01632,P0001,2026-05-19,C010,li_paid
T01633,P0073,2026-04-09,C030,fb-ads
T01634,P0504,2026-06-11,,google / organic
T01635,P0069,2026-05-09,,n/a
T01636,P0453,2026-05-14,C022,facebook/paid
T01637,P0046,2026-04-25,C030,facebook/paid
T01638,P0278,2026-07-03,C010,linkedin-sponsored
T01639,P0404,2026-04-22,C017,google/cpc
T01640,P0185,2026-04-17,C029,bing/cpc
T01641,P0039,2026-05-31,,li
T01642,P0039,2026-06-05,C006,paid_social_li
T01643,P0014,2026-06-20,C018,linkedin/paid
T01644,P0222,2026-06-14,,li_organic
T01645,P0073,2026-06-12,,li_organic
T01646,P0379,2026-04-25,C018,facebook/paid
T01647,P0459,2026-06-27,C025,google/cpc
T01648,P0478,2026-04-29,C014,paid_social_li
T01649,P0079,2026-06-12,C026,facebook/paid
T01650,P0164,2026-04-09,,organic-linkedin
T01651,P0289,2026-06-19,C015,email
T01652,P0206,2026-04-17,C022,meta_paid
T01653,P0261,2026-05-10,C005,google/cpc
T01654,P0056,2026-05-13,C022,facebook/paid
T01655,P0085,2026-05-14,C005,google/cpc
T01656,P0043,2026-06-10,,referral
T01657,P0138,2026-05-22,,n/a
T01658,P0084,2026-05-14,C016,webinar
T01659,P0177,2026-05-07,,direct
T01660,P0483,2026-04-15,,social
T01661,P0351,2026-07-04,C013,google/cpc
T01662,P0480,2026-05-04,C025,g/cpc
T01663,P0369,2026-04-18,C002,linkedin/paid
T01664,P0500,2026-05-25,,newchannel_q3
T01665,P0336,2026-06-18,C029,google/cpc
T01666,P0151,2026-04-28,C026,fb-ads
T01667,P0160,2026-06-15,,li
T01668,P0133,2026-04-09,,li
T01669,P0175,2026-05-25,C001,g/cpc
T01670,P0126,2026-06-03,C022,meta_paid
T01671,P0440,2026-05-30,C023,email
T01672,P0167,2026-04-13,,li
T01673,P0400,2026-05-14,C016,webinar
T01674,P0067,2026-06-13,,referral
T01675,P0324,2026-04-24,,google / organic
T01676,P0027,2026-04-28,C023,email
T01677,P0117,2026-04-07,,li
T01678,P0069,2026-05-31,C018,paid_social_li
T01679,P0346,2026-06-05,,li
T01680,P0480,2026-05-06,C002,facebook/paid
T01681,P0410,2026-04-15,,google / organic
T01682,P0321,2026-05-01,C020,webinar
T01683,P0298,2026-06-16,C005,bing/cpc
T01684,P0362,2026-05-16,,google / organic
T01685,P0083,2026-04-29,C024,webinar
T01686,P0218,2026-06-27,,referral
T01687,P0471,2026-04-14,,google / organic
T01688,P0018,2026-04-16,,google / organic
T01689,P0475,2026-05-27,C017,google/cpc
T01690,P0089,2026-06-06,C005,google/cpc
T01691,P0314,2026-05-20,C006,facebook/paid
T01692,P0229,2026-05-19,C004,webinar
T01693,P0251,2026-06-15,C010,linkedin-sponsored
T01694,P0466,2026-05-15,C016,webinar
T01695,P0037,2026-05-06,,direct
T01696,P0334,2026-04-24,,null
T01697,P0367,2026-06-07,C018,LinkedIn Paid
T01698,P0054,2026-04-06,C007,email
T01699,P0513,2026-06-07,,promo_x
T01700,P0020,2026-06-19,C018,linkedin/paid
T01701,P0149,2026-06-30,C022,fb-ads
T01702,P0085,2026-04-09,C010,facebook/paid
T01703,P0337,2026-05-09,,organic-linkedin
T01704,P0416,2026-07-02,,li_organic
T01705,P0388,2026-06-06,,referral
T01706,P0488,2026-06-29,,google / organic
T01707,P0100,2026-05-14,C011,email
T01708,P0370,2026-06-15,,google / organic
T01709,P0061,2026-04-11,C014,linkedin/paid
T01710,P0091,2026-06-13,C018,linkedin/paid
T01711,P0236,2026-05-18,C006,facebook/paid
T01712,P0340,2026-04-09,,referral
T01713,P0423,2026-04-28,,direct
T01714,P0138,2026-06-17,C006,linkedin/paid
T01715,P0341,2026-04-28,C007,email
T01716,P0346,2026-06-24,C020,webinar
T01717,P0491,2026-07-01,,null
T01718,P0372,2026-04-27,C006,facebook/paid
T01719,P0092,2026-05-06,C005,bing/cpc
T01720,P0249,2026-05-21,,referral
T01721,P0432,2026-04-18,C029,bing/cpc
T01722,P0170,2026-04-26,C030,fb/cpc
T01723,P0183,2026-05-24,,referral
T01724,P0166,2026-04-21,C022,li_paid
T01725,P0118,2026-05-13,C002,fb/cpc
T01726,P0103,2026-05-31,C006,meta_paid
T01727,P0057,2026-05-14,C008,webinar
T01728,P0409,2026-04-11,C008,webinar
T01729,P0468,2026-04-10,,google / organic
T01730,P0336,2026-04-13,C029,bing/cpc
T01731,P0278,2026-06-06,C011,email
T01732,P0257,2026-06-25,,li_organic
T01733,P0084,2026-05-04,C013,google/cpc
T01734,P0092,2026-06-13,C004,webinar
T01735,P0469,2026-05-28,C025,bing/cpc
T01736,P0158,2026-04-10,C018,linkedin/paid
T01737,P0304,2026-06-19,C018,linkedin/paid
T01738,P0426,2026-05-22,C004,webinar
T01739,P0306,2026-06-20,,li_organic
T01740,P0300,2026-06-27,C028,webinar
T01741,P0119,2026-06-11,C003,email
T01742,P0203,2026-05-27,,li
T01743,P0495,2026-04-18,,referral
T01744,P0401,2026-05-07,,direct
T01745,P0439,2026-04-17,C019,email
T01746,P0256,2026-06-27,C019,email
T01747,P0415,2026-05-17,,direct
T01748,P0520,2026-05-20,C017,google/cpc
T01749,P0243,2026-05-21,C021,google_cpc
T01750,P0090,2026-05-07,C014,facebook/paid
T01751,P0215,2026-06-25,C005,g/cpc
T01752,P0184,2026-05-22,C023,email
T01753,P0303,2026-05-23,,li
T01754,P0520,2026-05-20,,referral
T01755,P0396,2026-06-16,,google / organic
T01756,P0508,2026-06-30,C009,google/cpc
T01757,P0440,2026-04-09,C025,google/cpc
T01758,P0262,2026-06-11,,referral
T01759,P0482,2026-05-24,,n/a
T01760,P0365,2026-06-21,C002,fb/cpc
T01761,P0138,2026-06-27,C018,paid_social_li
T01762,P0184,2026-04-27,,organic-linkedin
T01763,P0238,2026-05-29,C009,bing/cpc
T01764,P0377,2026-04-12,C016,webinar
T01765,P0154,2026-05-06,C010,fb-ads
T01766,P0270,2026-06-01,,newchannel_q3
T01767,P0023,2026-06-22,C014,linkedin/paid
T01768,P0265,2026-06-13,,newchannel_q3
T01769,P0005,2026-06-29,,null
T01770,P0270,2026-06-26,,direct
T01771,P0119,2026-06-18,,referral
T01772,P0462,2026-04-10,,referral
T01773,P0312,2026-06-03,C010,facebook/paid
T01774,P0311,2026-05-11,C003,email
T01775,P0023,2026-05-27,C030,linkedin/paid
T01776,P0301,2026-04-10,C006,linkedin/paid
T01777,P0231,2026-05-28,C008,webinar
T01778,P0475,2026-04-11,C006,linkedin/paid
T01779,P0375,2026-06-21,,promo_x
T01780,P0187,2026-06-06,C015,email-nurture
T01781,P0301,2026-05-12,C021,bing/cpc
T01782,P0332,2026-06-06,,referral
T01783,P0398,2026-07-02,C022,meta_paid
T01784,P0427,2026-06-28,C013,bing/cpc
T01785,P0412,2026-06-26,,partner_acme
T01786,P0489,2026-06-28,C025,google/cpc
T01787,P0075,2026-04-08,,null
T01788,P0261,2026-05-06,C006,li_paid
T01789,P0187,2026-07-05,,direct
T01790,P0248,2026-05-08,C015,email
T01791,P0483,2026-06-24,C009,bing/cpc
T01792,P0098,2026-05-11,,social
T01793,P0059,2026-07-04,,referral
T01794,P0004,2026-04-16,C030,facebook/paid
T01795,P0351,2026-06-07,C004,webinar
T01796,P0459,2026-04-24,,newchannel_q3
T01797,P0398,2026-06-28,,null
T01798,P0116,2026-04-20,C004,webinar
T01799,P0324,2026-07-05,C025,google/cpc
T01800,P0312,2026-04-06,,partner_acme
T01801,P0408,2026-06-11,C009,bing/cpc
T01802,P0188,2026-06-13,,google / organic
T01803,P0125,2026-06-17,,direct
T01804,P0210,2026-04-09,C028,webinar
T01805,P0003,2026-05-17,C015,email
T01806,P0491,2026-04-26,C013,adwords
T01807,P0306,2026-07-04,C004,webinar
T01808,P0057,2026-05-18,,referral
T01809,P0512,2026-04-14,C021,bing/cpc
T01810,P0398,2026-05-24,C020,webinar
T01811,P0359,2026-04-12,C015,email
T01812,P0007,2026-07-04,,direct
T01813,P0450,2026-06-12,C021,bing/cpc
T01814,P0460,2026-04-13,C021,adwords
T01815,P0368,2026-05-10,C026,linkedin/paid
T01816,P0365,2026-05-08,,google / organic
T01817,P0319,2026-04-08,C030,linkedin/paid
T01818,P0029,2026-04-12,,referral
T01819,P0425,2026-04-28,C027,eml
T01820,P0394,2026-05-10,,partner_acme
T01821,P0256,2026-06-07,,social
T01822,P0487,2026-05-20,C004,webinar
T01823,P0197,2026-04-23,C030,paid_social_li
T01824,P0096,2026-05-21,C013,bing/cpc
T01825,P0380,2026-05-02,C006,li_paid
T01826,P0161,2026-06-16,,referral
T01827,P0518,2026-05-26,C003,eml
T01828,P0199,2026-06-22,C019,email
T01829,P0487,2026-05-20,C014,facebook/paid
T01830,P0464,2026-06-16,C029,bing/cpc
T01831,P0293,2026-05-16,,google / organic
T01832,P0187,2026-04-18,C025,g/cpc
T01833,P0238,2026-07-04,,
T01834,P0228,2026-05-28,C030,linkedin/paid
T01835,P0162,2026-06-18,C006,meta_paid
T01836,P0297,2026-06-28,C022,facebook/paid
T01837,P0220,2026-05-30,C029,google_cpc
T01838,P0250,2026-07-01,C030,li_paid
T01839,P0083,2026-06-02,,direct
T01840,P0095,2026-05-03,,google / organic
T01841,P0207,2026-06-01,C013,bing/cpc
T01842,P0190,2026-04-21,C019,eml
T01843,P0043,2026-06-28,C027,email
T01844,P0231,2026-05-26,C001,google/cpc
T01845,P0392,2026-05-04,,google / organic
T01846,P0043,2026-04-08,C018,facebook/paid
T01847,P0291,2026-06-01,C029,google/cpc
T01848,P0488,2026-07-05,,referral
T01849,P0338,2026-05-24,C011,email
T01850,P0108,2026-04-15,C030,meta_paid
T01851,P0450,2026-05-24,C020,webinar
T01852,P0080,2026-05-10,,referral
T01853,P0383,2026-04-24,,referral
T01854,P0372,2026-06-25,C002,li_paid
T01855,P0474,2026-04-16,C022,linkedin/paid
T01856,P0091,2026-04-26,C021,bing/cpc
T01857,P0252,2026-06-02,C018,fb-ads
T01858,P0472,2026-06-25,,referral
T01859,P0281,2026-04-17,C027,email
T01860,P0247,2026-05-26,C028,webinar
T01861,P0026,2026-06-30,C003,email
T01862,P0274,2026-05-24,C010,meta_paid
T01863,P0390,2026-06-25,C002,meta_paid
T01864,P0159,2026-06-24,,referral
T01865,P0197,2026-06-18,C014,facebook/paid
T01866,P0156,2026-04-25,,google / organic
T01867,P0462,2026-07-02,C022,facebook/paid
T01868,P0123,2026-05-11,,direct
T01869,P0023,2026-04-28,,google / organic
T01870,P0451,2026-06-10,,referral
T01871,P0495,2026-06-04,C016,webinar
T01872,P0021,2026-06-13,C030,meta_paid
T01873,P0509,2026-04-06,C029,bing/cpc
T01874,P0140,2026-05-16,C021,google/cpc
T01875,P0252,2026-04-27,C018,linkedin/paid
T01876,P0249,2026-06-05,C030,linkedin/paid
T01877,P0033,2026-05-21,C026,paid_social_li
T01878,P0248,2026-04-11,C005,google/cpc
T01879,P0332,2026-04-23,,organic-linkedin
T01880,P0055,2026-06-30,,referral
T01881,P0238,2026-06-23,C025,bing/cpc
T01882,P0012,2026-04-09,C012,webinar
T01883,P0119,2026-04-06,C010,facebook/paid
T01884,P0352,2026-04-08,C029,google/cpc
T01885,P0224,2026-04-29,C018,facebook/paid
T01886,P0508,2026-04-16,C013,bing/cpc
T01887,P0207,2026-06-01,C013,google/cpc
T01888,P0300,2026-04-16,C001,google/cpc
T01889,P0400,2026-04-28,,direct
T01890,P0317,2026-05-14,,direct
T01891,P0269,2026-05-12,,google / organic
T01892,P0293,2026-04-15,C006,linkedin/paid
T01893,P0250,2026-05-01,,referral
T01894,P0177,2026-04-15,,google / organic
T01895,P0394,2026-05-02,C025,bing/cpc
T01896,P0439,2026-04-13,,google / organic
T01897,P0046,2026-06-22,C025,google/cpc
T01898,P0370,2026-04-20,C024,webinar
T01899,P0354,2026-07-05,,partner_acme
T01900,P0317,2026-05-12,C027,email
T01901,P0517,2026-05-21,C028,webinar
T01902,P0294,2026-06-08,C029,bing/cpc
T01903,P0229,2026-04-19,C002,facebook/paid
T01904,P0090,2026-06-19,C026,meta_paid
T01905,P0057,2026-04-13,,promo_x
T01906,P0162,2026-05-09,,li_organic
T01907,P0332,2026-07-03,C018,facebook/paid
T01908,P0390,2026-04-23,,direct
T01909,P0258,2026-06-04,,google / organic
T01910,P0428,2026-05-31,C018,linkedin/paid
T01911,P0043,2026-04-20,C026,li_paid
T01912,P0304,2026-04-22,C005,google/cpc
T01913,P0395,2026-06-21,C009,google/cpc
T01914,P0448,2026-04-13,C009,bing/cpc
T01915,P0373,2026-05-21,C011,email
T01916,P0476,2026-06-21,C015,email
T01917,P0335,2026-04-07,C029,google/cpc
T01918,P0461,2026-06-13,C016,webinar
T01919,P0474,2026-04-25,C010,facebook/paid
T01920,P0494,2026-04-28,C026,paid_social_li
T01921,P0509,2026-05-31,C028,webinar
T01922,P0325,2026-05-13,,google / organic
T01923,P0260,2026-04-10,C020,webinar
T01924,P0214,2026-04-10,C017,google/cpc
T01925,P0303,2026-07-05,C030,fb/cpc
T01926,P0431,2026-06-03,C008,webinar
T01927,P0459,2026-04-10,C026,fb/cpc
T01928,P0381,2026-06-23,C012,webinar
T01929,P0512,2026-04-10,C010,fb/cpc
T01930,P0226,2026-05-29,C007,email
T01931,P0137,2026-06-24,C005,google/cpc
T01932,P0239,2026-05-29,,direct
T01933,P0399,2026-04-15,C005,google/cpc
T01934,P0504,2026-04-11,C020,webinar
T01935,P0502,2026-05-11,C022,facebook/paid
T01936,P0312,2026-06-30,C002,facebook/paid
T01937,P0458,2026-06-30,C028,webinar
T01938,P0038,2026-04-07,C014,linkedin-sponsored
T01939,P0401,2026-06-23,C029,google/cpc
T01940,P0217,2026-06-09,C018,linkedin/paid
T01941,P0312,2026-05-06,C016,webinar
T01942,P0218,2026-05-22,,partner_acme
T01943,P0475,2026-04-23,C020,webinar
T01944,P0483,2026-04-25,,google / organic
T01945,P0060,2026-04-19,C011,email
T01946,P0198,2026-04-26,C022,facebook/paid
T01947,P0064,2026-04-21,,direct
T01948,P0305,2026-05-24,,n/a
T01949,P0054,2026-04-07,,referral
T01950,P0249,2026-04-23,C019,email-nurture
T01951,P0424,2026-06-07,C026,linkedin/paid
T01952,P0113,2026-06-05,C018,facebook/paid
T01953,P0501,2026-04-10,,google / organic
T01954,P0040,2026-05-16,,referral
T01955,P0310,2026-05-08,C001,google/cpc
T01956,P0123,2026-04-09,C005,bing/cpc
T01957,P0445,2026-05-28,,n/a
T01958,P0034,2026-04-13,C029,google/cpc
T01959,P0010,2026-06-04,,li
T01960,P0293,2026-04-26,C002,LinkedIn Paid
T01961,P0417,2026-05-05,C018,LinkedIn Paid
T01962,P0343,2026-07-05,,n/a
T01963,P0152,2026-06-30,C002,facebook/paid
T01964,P0177,2026-04-26,C022,linkedin/paid
T01965,P0074,2026-04-07,,direct
T01966,P0085,2026-06-08,C013,google/cpc
T01967,P0298,2026-04-18,C006,linkedin/paid
T01968,P0512,2026-05-25,C018,linkedin/paid
T01969,P0092,2026-05-09,C009,google/cpc
T01970,P0071,2026-06-09,C009,google/cpc
T01971,P0339,2026-07-04,,null
T01972,P0036,2026-05-14,C019,email
T01973,P0192,2026-05-17,C014,linkedin/paid
T01974,P0412,2026-04-16,C029,google/cpc
T01975,P0122,2026-05-14,C030,fb-ads
T01976,P0133,2026-06-21,C018,linkedin/paid
T01977,P0141,2026-04-22,C029,google/cpc
T01978,P0481,2026-06-22,C011,eml
T01979,P0316,2026-06-22,,referral
T01980,P0197,2026-05-08,C027,email
T01981,P0331,2026-05-15,C024,webinar
T01982,P0286,2026-06-11,C004,webinar
T01983,P0246,2026-05-24,,li_organic
T01984,P0508,2026-04-09,,google / organic
T01985,P0044,2026-04-27,C008,webinar
T01986,P0234,2026-05-21,,direct
T01987,P0036,2026-05-18,C027,email
T01988,P0405,2026-05-05,,direct
T01989,P0466,2026-06-13,C014,facebook/paid
T01990,P0038,2026-04-28,C021,google/cpc
T01991,P0054,2026-06-13,,referral
T01992,P0246,2026-05-15,,direct
T01993,P0268,2026-05-07,,direct
T01994,P0248,2026-05-05,,n/a
T01995,P0085,2026-04-24,,direct
T01996,P0083,2026-05-21,,direct
T01997,P0498,2026-04-27,C013,google/cpc
T01998,P0418,2026-06-23,C002,linkedin/paid
T01999,P0273,2026-07-03,C012,webinar
T02000,P0192,2026-06-27,C011,email
